STRUCTURE,STRUCTURE_ID,STRUCTURE_NAME,ACTION,REF_AREA,Reference area,FREQ,Frequency of observation,POLLUTANT,Pollutant,MEASURE,Measure,UNIT_MEASURE,Unit of measure,TIME_PERIOD,Time period,OBS_VALUE,Observation value,OBS_STATUS,Observation status,UNIT_MULT,Unit multiplier,PRICE_BASE,Price base,BASE_PER,Base period,DECIMALS,Decimals,CONVERSION_TYPE,Conversion type
DATAFLOW,OECD.ENV.EPI:DSD_AIR_GHG@DF_AIR_GHG(1.0),Air emissions - Greenhouse gas emissions Inventories,I,OECDE,OECD Europe,A,Annual,GHG,Greenhouse gases,_T,Total emissions excluding LULUCF,KG_CO2E_PS,Kilogrammes of CO2-equivalent per person,2014,,8.223466,,E,Estimated value,3,Thousands,,,,,2,Two,,
DATAFLOW,OECD.ENV.EPI:DSD_AIR_GHG@DF_AIR_GHG(1.0),Air emissions - Greenhouse gas emissions Inventories,I,OECDE,OECD Europe,A,Annual,GHG,Greenhouse gases,_T,Total emissions excluding LULUCF,KG_CO2E_PS,Kilogrammes of CO2-equivalent per person,2015,,8.24049,,E,Estimated value,3,Thousands,,,,,2,Two,,
DATAFLOW,OECD.ENV.EPI:DSD_AIR_GHG@DF_AIR_GHG(1.0),Air emissions - Greenhouse gas emissions Inventories,I,OECDE,OECD Europe,A,Annual,GHG,Greenhouse gases,_T,Total emissions excluding LULUCF,KG_CO2E_PS,Kilogrammes of CO2-equivalent per person,2016,,8.185606,,E,Estimated value,3,Thousands,,,,,2,Two,,
DATAFLOW,OECD.ENV.EPI:DSD_AIR_GHG@DF_AIR_GHG(1.0),Air emissions - Greenhouse gas emissions Inventories,I,OECDE,OECD Europe,A,Annual,GHG,Greenhouse gases,_T,Total emissions excluding LULUCF,KG_CO2E_PS,Kilogrammes of CO2-equivalent per person,2017,,8.193707,,E,Estimated value,3,Thousands,,,,,2,Two,,
DATAFLOW,OECD.ENV.EPI:DSD_AIR_GHG@DF_AIR_GHG(1.0),Air emissions - Greenhouse gas emissions Inventories,I,OECDE,OECD Europe,A,Annual,GHG,Greenhouse gases,_T,Total emissions excluding LULUCF,KG_CO2E_PS,Kilogrammes of CO2-equivalent per person,2018,,8.002245,,E,Estimated value,3,Thousands,,,,,2,Two,,
DATAFLOW,OECD.ENV.EPI:DSD_AIR_GHG@DF_AIR_GHG(1.0),Air emissions - Greenhouse gas emissions Inventories,I,OECDE,OECD Europe,A,Annual,GHG,Greenhouse gases,_T,Total emissions excluding LULUCF,KG_CO2E_PS,Kilogrammes of CO2-equivalent per person,2019,,7.645977,,E,Estimated value,3,Thousands,,,,,2,Two,,
DATAFLOW,OECD.ENV.EPI:DSD_AIR_GHG@DF_AIR_GHG(1.0),Air emissions - Greenhouse gas emissions Inventories,I,OECDE,OECD Europe,A,Annual,GHG,Greenhouse gases,_T,Total emissions excluding LULUCF,KG_CO2E_PS,Kilogrammes of CO2-equivalent per person,2020,,7.093235,,E,Estimated value,3,Thousands,,,,,2,Two,,
DATAFLOW,OECD.ENV.EPI:DSD_AIR_GHG@DF_AIR_GHG(1.0),Air emissions - Greenhouse gas emissions Inventories,I,OECDE,OECD Europe,A,Annual,GHG,Greenhouse gases,_T,Total emissions excluding LULUCF,KG_CO2E_PS,Kilogrammes of CO2-equivalent per person,2021,,7.447122,,E,Estimated value,3,Thousands,,,,,2,Two,,
DATAFLOW,OECD.ENV.EPI:DSD_AIR_GHG@DF_AIR_GHG(1.0),Air emissions - Greenhouse gas emissions Inventories,I,OECDE,OECD Europe,A,Annual,GHG,Greenhouse gases,_T,Total emissions excluding LULUCF,KG_CO2E_PS,Kilogrammes of CO2-equivalent per person,2022,,7.203987,,E,Estimated value,3,Thousands,,,,,2,Two,,
DATAFLOW,OECD.ENV.EPI:DSD_AIR_GHG@DF_AIR_GHG(1.0),Air emissions - Greenhouse gas emissions Inventories,I,OECDE,OECD Europe,A,Annual,GHG,Greenhouse gases,_T,Total emissions excluding LULUCF,KG_CO2E_PS,Kilogrammes of CO2-equivalent per person,2023,,6.771666,,E,Estimated value,3,Thousands,,,,,2,Two,,
DATAFLOW,OECD.ENV.EPI:DSD_AIR_GHG@DF_AIR_GHG(1.0),Air emissions - Greenhouse gas emissions Inventories,I,OECDSO,OECD Asia Oceania,A,Annual,GHG,Greenhouse gases,_T,Total emissions excluding LULUCF,KG_CO2E_PS,Kilogrammes of CO2-equivalent per person,2014,,12.91463,,E,Estimated value,3,Thousands,,,,,2,Two,,
DATAFLOW,OECD.ENV.EPI:DSD_AIR_GHG@DF_AIR_GHG(1.0),Air emissions - Greenhouse gas emissions Inventories,I,OECDSO,OECD Asia Oceania,A,Annual,GHG,Greenhouse gases,_T,Total emissions excluding LULUCF,KG_CO2E_PS,Kilogrammes of CO2-equivalent per person,2015,,12.74585,,E,Estimated value,3,Thousands,,,,,2,Two,,
DATAFLOW,OECD.ENV.EPI:DSD_AIR_GHG@DF_AIR_GHG(1.0),Air emissions - Greenhouse gas emissions Inventories,I,OECDSO,OECD Asia Oceania,A,Annual,GHG,Greenhouse gases,_T,Total emissions excluding LULUCF,KG_CO2E_PS,Kilogrammes of CO2-equivalent per person,2016,,12.68936,,E,Estimated value,3,Thousands,,,,,2,Two,,
DATAFLOW,OECD.ENV.EPI:DSD_AIR_GHG@DF_AIR_GHG(1.0),Air emissions - Greenhouse gas emissions Inventories,I,OECDSO,OECD Asia Oceania,A,Annual,GHG,Greenhouse gases,_T,Total emissions excluding LULUCF,KG_CO2E_PS,Kilogrammes of CO2-equivalent per person,2017,,12.72441,,E,Estimated value,3,Thousands,,,,,2,Two,,
DATAFLOW,OECD.ENV.EPI:DSD_AIR_GHG@DF_AIR_GHG(1.0),Air emissions - Greenhouse gas emissions Inventories,I,OECDSO,OECD Asia Oceania,A,Annual,GHG,Greenhouse gases,_T,Total emissions excluding LULUCF,KG_CO2E_PS,Kilogrammes of CO2-equivalent per person,2018,,12.59639,,E,Estimated value,3,Thousands,,,,,2,Two,,
DATAFLOW,OECD.ENV.EPI:DSD_AIR_GHG@DF_AIR_GHG(1.0),Air emissions - Greenhouse gas emissions Inventories,I,OECDSO,OECD Asia Oceania,A,Annual,GHG,Greenhouse gases,_T,Total emissions excluding LULUCF,KG_CO2E_PS,Kilogrammes of CO2-equivalent per person,2019,,12.26959,,E,Estimated value,3,Thousands,,,,,2,Two,,
DATAFLOW,OECD.ENV.EPI:DSD_AIR_GHG@DF_AIR_GHG(1.0),Air emissions - Greenhouse gas emissions Inventories,I,OECDSO,OECD Asia Oceania,A,Annual,GHG,Greenhouse gases,_T,Total emissions excluding LULUCF,KG_CO2E_PS,Kilogrammes of CO2-equivalent per person,2020,,11.64512,,E,Estimated value,3,Thousands,,,,,2,Two,,
DATAFLOW,OECD.ENV.EPI:DSD_AIR_GHG@DF_AIR_GHG(1.0),Air emissions - Greenhouse gas emissions Inventories,I,OECDSO,OECD Asia Oceania,A,Annual,GHG,Greenhouse gases,_T,Total emissions excluding LULUCF,KG_CO2E_PS,Kilogrammes of CO2-equivalent per person,2021,,11.8414,,E,Estimated value,3,Thousands,,,,,2,Two,,
DATAFLOW,OECD.ENV.EPI:DSD_AIR_GHG@DF_AIR_GHG(1.0),Air emissions - Greenhouse gas emissions Inventories,I,OECDSO,OECD Asia Oceania,A,Annual,GHG,Greenhouse gases,_T,Total emissions excluding LULUCF,KG_CO2E_PS,Kilogrammes of CO2-equivalent per person,2022,,11.60858,,E,Estimated value,3,Thousands,,,,,2,Two,,
DATAFLOW,OECD.ENV.EPI:DSD_AIR_GHG@DF_AIR_GHG(1.0),Air emissions - Greenhouse gas emissions Inventories,I,OECDSO,OECD Asia Oceania,A,Annual,GHG,Greenhouse gases,_T,Total emissions excluding LULUCF,KG_CO2E_PS,Kilogrammes of CO2-equivalent per person,2023,,11.40379,,E,Estimated value,3,Thousands,,,,,2,Two,,
DATAFLOW,OECD.ENV.EPI:DSD_AIR_GHG@DF_AIR_GHG(1.0),Air emissions - Greenhouse gas emissions Inventories,I,OECDA,OECD America,A,Annual,GHG,Greenhouse gases,_T,Total emissions excluding LULUCF,KG_CO2E_PS,Kilogrammes of CO2-equivalent per person,2014,,15.81185,,E,Estimated value,3,Thousands,,,,,2,Two,,
DATAFLOW,OECD.ENV.EPI:DSD_AIR_GHG@DF_AIR_GHG(1.0),Air emissions - Greenhouse gas emissions Inventories,I,OECDA,OECD America,A,Annual,GHG,Greenhouse gases,_T,Total emissions excluding LULUCF,KG_CO2E_PS,Kilogrammes of CO2-equivalent per person,2015,,15.38434,,E,Estimated value,3,Thousands,,,,,2,Two,,
DATAFLOW,OECD.ENV.EPI:DSD_AIR_GHG@DF_AIR_GHG(1.0),Air emissions - Greenhouse gas emissions Inventories,I,OECDA,OECD America,A,Annual,GHG,Greenhouse gases,_T,Total emissions excluding LULUCF,KG_CO2E_PS,Kilogrammes of CO2-equivalent per person,2016,,15.01252,,E,Estimated value,3,Thousands,,,,,2,Two,,
DATAFLOW,OECD.ENV.EPI:DSD_AIR_GHG@DF_AIR_GHG(1.0),Air emissions - Greenhouse gas emissions Inventories,I,OECDA,OECD America,A,Annual,GHG,Greenhouse gases,_T,Total emissions excluding LULUCF,KG_CO2E_PS,Kilogrammes of CO2-equivalent per person,2017,,14.77639,,E,Estimated value,3,Thousands,,,,,2,Two,,
DATAFLOW,OECD.ENV.EPI:DSD_AIR_GHG@DF_AIR_GHG(1.0),Air emissions - Greenhouse gas emissions Inventories,I,OECDA,OECD America,A,Annual,GHG,Greenhouse gases,_T,Total emissions excluding LULUCF,KG_CO2E_PS,Kilogrammes of CO2-equivalent per person,2018,,15.01576,,E,Estimated value,3,Thousands,,,,,2,Two,,
DATAFLOW,OECD.ENV.EPI:DSD_AIR_GHG@DF_AIR_GHG(1.0),Air emissions - Greenhouse gas emissions Inventories,I,OECDA,OECD America,A,Annual,GHG,Greenhouse gases,_T,Total emissions excluding LULUCF,KG_CO2E_PS,Kilogrammes of CO2-equivalent per person,2019,,14.61237,,E,Estimated value,3,Thousands,,,,,2,Two,,
DATAFLOW,OECD.ENV.EPI:DSD_AIR_GHG@DF_AIR_GHG(1.0),Air emissions - Greenhouse gas emissions Inventories,I,OECDA,OECD America,A,Annual,GHG,Greenhouse gases,_T,Total emissions excluding LULUCF,KG_CO2E_PS,Kilogrammes of CO2-equivalent per person,2020,,13.28471,,E,Estimated value,3,Thousands,,,,,2,Two,,
DATAFLOW,OECD.ENV.EPI:DSD_AIR_GHG@DF_AIR_GHG(1.0),Air emissions - Greenhouse gas emissions Inventories,I,OECDA,OECD America,A,Annual,GHG,Greenhouse gases,_T,Total emissions excluding LULUCF,KG_CO2E_PS,Kilogrammes of CO2-equivalent per person,2021,,13.83528,,E,Estimated value,3,Thousands,,,,,2,Two,,
DATAFLOW,OECD.ENV.EPI:DSD_AIR_GHG@DF_AIR_GHG(1.0),Air emissions - Greenhouse gas emissions Inventories,I,OECDA,OECD America,A,Annual,GHG,Greenhouse gases,_T,Total emissions excluding LULUCF,KG_CO2E_PS,Kilogrammes of CO2-equivalent per person,2022,,13.86399,,E,Estimated value,3,Thousands,,,,,2,Two,,
DATAFLOW,OECD.ENV.EPI:DSD_AIR_GHG@DF_AIR_GHG(1.0),Air emissions - Greenhouse gas emissions Inventories,I,OECDA,OECD America,A,Annual,GHG,Greenhouse gases,_T,Total emissions excluding LULUCF,KG_CO2E_PS,Kilogrammes of CO2-equivalent per person,2023,,13.75366,,E,Estimated value,3,Thousands,,,,,2,Two,,
DATAFLOW,OECD.ENV.EPI:DSD_AIR_GHG@DF_AIR_GHG(1.0),Air emissions - Greenhouse gas emissions Inventories,I,OECD,OECD,A,Annual,GHG,Greenhouse gases,_T,Total emissions excluding LULUCF,KG_CO2E_PS,Kilogrammes of CO2-equivalent per person,2014,,12.10866,,E,Estimated value,3,Thousands,,,,,2,Two,,
DATAFLOW,OECD.ENV.EPI:DSD_AIR_GHG@DF_AIR_GHG(1.0),Air emissions - Greenhouse gas emissions Inventories,I,OECD,OECD,A,Annual,GHG,Greenhouse gases,_T,Total emissions excluding LULUCF,KG_CO2E_PS,Kilogrammes of CO2-equivalent per person,2015,,11.91635,,E,Estimated value,3,Thousands,,,,,2,Two,,
DATAFLOW,OECD.ENV.EPI:DSD_AIR_GHG@DF_AIR_GHG(1.0),Air emissions - Greenhouse gas emissions Inventories,I,OECD,OECD,A,Annual,GHG,Greenhouse gases,_T,Total emissions excluding LULUCF,KG_CO2E_PS,Kilogrammes of CO2-equivalent per person,2016,,11.73479,,E,Estimated value,3,Thousands,,,,,2,Two,,
DATAFLOW,OECD.ENV.EPI:DSD_AIR_GHG@DF_AIR_GHG(1.0),Air emissions - Greenhouse gas emissions Inventories,I,OECD,OECD,A,Annual,GHG,Greenhouse gases,_T,Total emissions excluding LULUCF,KG_CO2E_PS,Kilogrammes of CO2-equivalent per person,2017,,11.6521,,E,Estimated value,3,Thousands,,,,,2,Two,,
DATAFLOW,OECD.ENV.EPI:DSD_AIR_GHG@DF_AIR_GHG(1.0),Air emissions - Greenhouse gas emissions Inventories,I,OECD,OECD,A,Annual,GHG,Greenhouse gases,_T,Total emissions excluding LULUCF,KG_CO2E_PS,Kilogrammes of CO2-equivalent per person,2018,,11.657,,E,Estimated value,3,Thousands,,,,,2,Two,,
DATAFLOW,OECD.ENV.EPI:DSD_AIR_GHG@DF_AIR_GHG(1.0),Air emissions - Greenhouse gas emissions Inventories,I,OECD,OECD,A,Annual,GHG,Greenhouse gases,_T,Total emissions excluding LULUCF,KG_CO2E_PS,Kilogrammes of CO2-equivalent per person,2019,,11.29338,,E,Estimated value,3,Thousands,,,,,2,Two,,
DATAFLOW,OECD.ENV.EPI:DSD_AIR_GHG@DF_AIR_GHG(1.0),Air emissions - Greenhouse gas emissions Inventories,I,OECD,OECD,A,Annual,GHG,Greenhouse gases,_T,Total emissions excluding LULUCF,KG_CO2E_PS,Kilogrammes of CO2-equivalent per person,2020,,10.40953,,E,Estimated value,3,Thousands,,,,,2,Two,,
DATAFLOW,OECD.ENV.EPI:DSD_AIR_GHG@DF_AIR_GHG(1.0),Air emissions - Greenhouse gas emissions Inventories,I,OECD,OECD,A,Annual,GHG,Greenhouse gases,_T,Total emissions excluding LULUCF,KG_CO2E_PS,Kilogrammes of CO2-equivalent per person,2021,,10.82362,,E,Estimated value,3,Thousands,,,,,2,Two,,
DATAFLOW,OECD.ENV.EPI:DSD_AIR_GHG@DF_AIR_GHG(1.0),Air emissions - Greenhouse gas emissions Inventories,I,OECD,OECD,A,Annual,GHG,Greenhouse gases,_T,Total emissions excluding LULUCF,KG_CO2E_PS,Kilogrammes of CO2-equivalent per person,2022,,10.69744,,E,Estimated value,3,Thousands,,,,,2,Two,,
DATAFLOW,OECD.ENV.EPI:DSD_AIR_GHG@DF_AIR_GHG(1.0),Air emissions - Greenhouse gas emissions Inventories,I,OECD,OECD,A,Annual,GHG,Greenhouse gases,_T,Total emissions excluding LULUCF,KG_CO2E_PS,Kilogrammes of CO2-equivalent per person,2023,,10.43976,,E,Estimated value,3,Thousands,,,,,2,Two,,
DATAFLOW,OECD.ENV.EPI:DSD_AIR_GHG@DF_AIR_GHG(1.0),Air emissions - Greenhouse gas emissions Inventories,I,AUS,Australia,A,Annual,GHG,Greenhouse gases,_T,Total emissions excluding LULUCF,KG_CO2E_PS,Kilogrammes of CO2-equivalent per person,2023,,19.92922,,A,Normal value,3,Thousands,,,,,2,Two,,
DATAFLOW,OECD.ENV.EPI:DSD_AIR_GHG@DF_AIR_GHG(1.0),Air emissions - Greenhouse gas emissions Inventories,I,AUT,Austria,A,Annual,GHG,Greenhouse gases,_T,Total emissions excluding LULUCF,KG_CO2E_PS,Kilogrammes of CO2-equivalent per person,2023,,7.523844,,A,Normal value,3,Thousands,,,,,2,Two,,
DATAFLOW,OECD.ENV.EPI:DSD_AIR_GHG@DF_AIR_GHG(1.0),Air emissions - Greenhouse gas emissions Inventories,I,BEL,Belgium,A,Annual,GHG,Greenhouse gases,_T,Total emissions excluding LULUCF,KG_CO2E_PS,Kilogrammes of CO2-equivalent per person,2023,,8.385736,,A,Normal value,3,Thousands,,,,,2,Two,,
DATAFLOW,OECD.ENV.EPI:DSD_AIR_GHG@DF_AIR_GHG(1.0),Air emissions - Greenhouse gas emissions Inventories,I,CAN,Canada,A,Annual,GHG,Greenhouse gases,_T,Total emissions excluding LULUCF,KG_CO2E_PS,Kilogrammes of CO2-equivalent per person,2023,,17.65728,,A,Normal value,3,Thousands,,,,,2,Two,,
DATAFLOW,OECD.ENV.EPI:DSD_AIR_GHG@DF_AIR_GHG(1.0),Air emissions - Greenhouse gas emissions Inventories,I,CZE,Czechia,A,Annual,GHG,Greenhouse gases,_T,Total emissions excluding LULUCF,KG_CO2E_PS,Kilogrammes of CO2-equivalent per person,2023,,9.441118,,A,Normal value,3,Thousands,,,,,2,Two,,
DATAFLOW,OECD.ENV.EPI:DSD_AIR_GHG@DF_AIR_GHG(1.0),Air emissions - Greenhouse gas emissions Inventories,I,DNK,Denmark,A,Annual,GHG,Greenhouse gases,_T,Total emissions excluding LULUCF,KG_CO2E_PS,Kilogrammes of CO2-equivalent per person,2023,,6.558307,,A,Normal value,3,Thousands,,,,,2,Two,,
DATAFLOW,OECD.ENV.EPI:DSD_AIR_GHG@DF_AIR_GHG(1.0),Air emissions - Greenhouse gas emissions Inventories,I,EST,Estonia,A,Annual,GHG,Greenhouse gases,_T,Total emissions excluding LULUCF,KG_CO2E_PS,Kilogrammes of CO2-equivalent per person,2023,,7.945063,,A,Normal value,3,Thousands,,,,,2,Two,,
DATAFLOW,OECD.ENV.EPI:DSD_AIR_GHG@DF_AIR_GHG(1.0),Air emissions - Greenhouse gas emissions Inventories,I,FIN,Finland,A,Annual,GHG,Greenhouse gases,_T,Total emissions excluding LULUCF,KG_CO2E_PS,Kilogrammes of CO2-equivalent per person,2023,,7.329767,,A,Normal value,3,Thousands,,,,,2,Two,,
DATAFLOW,OECD.ENV.EPI:DSD_AIR_GHG@DF_AIR_GHG(1.0),Air emissions - Greenhouse gas emissions Inventories,I,FRA,France,A,Annual,GHG,Greenhouse gases,_T,Total emissions excluding LULUCF,KG_CO2E_PS,Kilogrammes of CO2-equivalent per person,2023,,5.653277,,A,Normal value,3,Thousands,,,,,2,Two,,
DATAFLOW,OECD.ENV.EPI:DSD_AIR_GHG@DF_AIR_GHG(1.0),Air emissions - Greenhouse gas emissions Inventories,I,DEU,Germany,A,Annual,GHG,Greenhouse gases,_T,Total emissions excluding LULUCF,KG_CO2E_PS,Kilogrammes of CO2-equivalent per person,2023,,7.948367,,A,Normal value,3,Thousands,,,,,2,Two,,
DATAFLOW,OECD.ENV.EPI:DSD_AIR_GHG@DF_AIR_GHG(1.0),Air emissions - Greenhouse gas emissions Inventories,I,GRC,Greece,A,Annual,GHG,Greenhouse gases,_T,Total emissions excluding LULUCF,KG_CO2E_PS,Kilogrammes of CO2-equivalent per person,2023,,7.022876,,A,Normal value,3,Thousands,,,,,2,Two,,
DATAFLOW,OECD.ENV.EPI:DSD_AIR_GHG@DF_AIR_GHG(1.0),Air emissions - Greenhouse gas emissions Inventories,I,HUN,Hungary,A,Annual,GHG,Greenhouse gases,_T,Total emissions excluding LULUCF,KG_CO2E_PS,Kilogrammes of CO2-equivalent per person,2023,,5.607061,,A,Normal value,3,Thousands,,,,,2,Two,,
DATAFLOW,OECD.ENV.EPI:DSD_AIR_GHG@DF_AIR_GHG(1.0),Air emissions - Greenhouse gas emissions Inventories,I,ISL,Iceland,A,Annual,GHG,Greenhouse gases,_T,Total emissions excluding LULUCF,KG_CO2E_PS,Kilogrammes of CO2-equivalent per person,2023,,11.988,,A,Normal value,3,Thousands,,,,,2,Two,,
DATAFLOW,OECD.ENV.EPI:DSD_AIR_GHG@DF_AIR_GHG(1.0),Air emissions - Greenhouse gas emissions Inventories,I,IRL,Ireland,A,Annual,GHG,Greenhouse gases,_T,Total emissions excluding LULUCF,KG_CO2E_PS,Kilogrammes of CO2-equivalent per person,2023,,10.57115,,A,Normal value,3,Thousands,,,,,2,Two,,
DATAFLOW,OECD.ENV.EPI:DSD_AIR_GHG@DF_AIR_GHG(1.0),Air emissions - Greenhouse gas emissions Inventories,I,ISR,Israel,A,Annual,GHG,Greenhouse gases,_T,Total emissions excluding LULUCF,KG_CO2E_PS,Kilogrammes of CO2-equivalent per person,2023,,8.386461,,A,Normal value,3,Thousands,,,,,2,Two,,
DATAFLOW,OECD.ENV.EPI:DSD_AIR_GHG@DF_AIR_GHG(1.0),Air emissions - Greenhouse gas emissions Inventories,I,ITA,Italy,A,Annual,GHG,Greenhouse gases,_T,Total emissions excluding LULUCF,KG_CO2E_PS,Kilogrammes of CO2-equivalent per person,2023,,6.451943,,A,Normal value,3,Thousands,,,,,2,Two,,
DATAFLOW,OECD.ENV.EPI:DSD_AIR_GHG@DF_AIR_GHG(1.0),Air emissions - Greenhouse gas emissions Inventories,I,JPN,Japan,A,Annual,GHG,Greenhouse gases,_T,Total emissions excluding LULUCF,KG_CO2E_PS,Kilogrammes of CO2-equivalent per person,2023,,8.596324,,A,Normal value,3,Thousands,,,,,2,Two,,
DATAFLOW,OECD.ENV.EPI:DSD_AIR_GHG@DF_AIR_GHG(1.0),Air emissions - Greenhouse gas emissions Inventories,I,LVA,Latvia,A,Annual,GHG,Greenhouse gases,_T,Total emissions excluding LULUCF,KG_CO2E_PS,Kilogrammes of CO2-equivalent per person,2023,,5.295873,,A,Normal value,3,Thousands,,,,,2,Two,,
DATAFLOW,OECD.ENV.EPI:DSD_AIR_GHG@DF_AIR_GHG(1.0),Air emissions - Greenhouse gas emissions Inventories,I,LTU,Lithuania,A,Annual,GHG,Greenhouse gases,_T,Total emissions excluding LULUCF,KG_CO2E_PS,Kilogrammes of CO2-equivalent per person,2023,,6.254073,,A,Normal value,3,Thousands,,,,,2,Two,,
DATAFLOW,OECD.ENV.EPI:DSD_AIR_GHG@DF_AIR_GHG(1.0),Air emissions - Greenhouse gas emissions Inventories,I,LUX,Luxembourg,A,Annual,GHG,Greenhouse gases,_T,Total emissions excluding LULUCF,KG_CO2E_PS,Kilogrammes of CO2-equivalent per person,2023,,11.68083,,A,Normal value,3,Thousands,,,,,2,Two,,
DATAFLOW,OECD.ENV.EPI:DSD_AIR_GHG@DF_AIR_GHG(1.0),Air emissions - Greenhouse gas emissions Inventories,I,NLD,Netherlands,A,Annual,GHG,Greenhouse gases,_T,Total emissions excluding LULUCF,KG_CO2E_PS,Kilogrammes of CO2-equivalent per person,2023,,7.85981,,A,Normal value,3,Thousands,,,,,2,Two,,
DATAFLOW,OECD.ENV.EPI:DSD_AIR_GHG@DF_AIR_GHG(1.0),Air emissions - Greenhouse gas emissions Inventories,I,NZL,New Zealand,A,Annual,GHG,Greenhouse gases,_T,Total emissions excluding LULUCF,KG_CO2E_PS,Kilogrammes of CO2-equivalent per person,2023,,14.77261,,A,Normal value,3,Thousands,,,,,2,Two,,
DATAFLOW,OECD.ENV.EPI:DSD_AIR_GHG@DF_AIR_GHG(1.0),Air emissions - Greenhouse gas emissions Inventories,I,NOR,Norway,A,Annual,GHG,Greenhouse gases,_T,Total emissions excluding LULUCF,KG_CO2E_PS,Kilogrammes of CO2-equivalent per person,2023,,8.437336,,A,Normal value,3,Thousands,,,,,2,Two,,
DATAFLOW,OECD.ENV.EPI:DSD_AIR_GHG@DF_AIR_GHG(1.0),Air emissions - Greenhouse gas emissions Inventories,I,POL,Poland,A,Annual,GHG,Greenhouse gases,_T,Total emissions excluding LULUCF,KG_CO2E_PS,Kilogrammes of CO2-equivalent per person,2023,,8.979228,,A,Normal value,3,Thousands,,,,,2,Two,,
DATAFLOW,OECD.ENV.EPI:DSD_AIR_GHG@DF_AIR_GHG(1.0),Air emissions - Greenhouse gas emissions Inventories,I,PRT,Portugal,A,Annual,GHG,Greenhouse gases,_T,Total emissions excluding LULUCF,KG_CO2E_PS,Kilogrammes of CO2-equivalent per person,2023,,5.093018,,A,Normal value,3,Thousands,,,,,2,Two,,
DATAFLOW,OECD.ENV.EPI:DSD_AIR_GHG@DF_AIR_GHG(1.0),Air emissions - Greenhouse gas emissions Inventories,I,SVK,Slovak Republic,A,Annual,GHG,Greenhouse gases,_T,Total emissions excluding LULUCF,KG_CO2E_PS,Kilogrammes of CO2-equivalent per person,2023,,6.537386,,A,Normal value,3,Thousands,,,,,2,Two,,
DATAFLOW,OECD.ENV.EPI:DSD_AIR_GHG@DF_AIR_GHG(1.0),Air emissions - Greenhouse gas emissions Inventories,I,SVN,Slovenia,A,Annual,GHG,Greenhouse gases,_T,Total emissions excluding LULUCF,KG_CO2E_PS,Kilogrammes of CO2-equivalent per person,2023,,6.98851,,A,Normal value,3,Thousands,,,,,2,Two,,
DATAFLOW,OECD.ENV.EPI:DSD_AIR_GHG@DF_AIR_GHG(1.0),Air emissions - Greenhouse gas emissions Inventories,I,ESP,Spain,A,Annual,GHG,Greenhouse gases,_T,Total emissions excluding LULUCF,KG_CO2E_PS,Kilogrammes of CO2-equivalent per person,2023,,5.634706,,A,Normal value,3,Thousands,,,,,2,Two,,
DATAFLOW,OECD.ENV.EPI:DSD_AIR_GHG@DF_AIR_GHG(1.0),Air emissions - Greenhouse gas emissions Inventories,I,SWE,Sweden,A,Annual,GHG,Greenhouse gases,_T,Total emissions excluding LULUCF,KG_CO2E_PS,Kilogrammes of CO2-equivalent per person,2023,,4.206605,,A,Normal value,3,Thousands,,,,,2,Two,,
DATAFLOW,OECD.ENV.EPI:DSD_AIR_GHG@DF_AIR_GHG(1.0),Air emissions - Greenhouse gas emissions Inventories,I,CHE,Switzerland,A,Annual,GHG,Greenhouse gases,_T,Total emissions excluding LULUCF,KG_CO2E_PS,Kilogrammes of CO2-equivalent per person,2023,,4.594231,,A,Normal value,3,Thousands,,,,,2,Two,,
DATAFLOW,OECD.ENV.EPI:DSD_AIR_GHG@DF_AIR_GHG(1.0),Air emissions - Greenhouse gas emissions Inventories,I,TUR,Türkiye,A,Annual,GHG,Greenhouse gases,_T,Total emissions excluding LULUCF,KG_CO2E_PS,Kilogrammes of CO2-equivalent per person,2023,,6.862767,,A,Normal value,3,Thousands,,,,,2,Two,,
DATAFLOW,OECD.ENV.EPI:DSD_AIR_GHG@DF_AIR_GHG(1.0),Air emissions - Greenhouse gas emissions Inventories,I,GBR,United Kingdom,A,Annual,GHG,Greenhouse gases,_T,Total emissions excluding LULUCF,KG_CO2E_PS,Kilogrammes of CO2-equivalent per person,2023,,5.613822,,A,Normal value,3,Thousands,,,,,2,Two,,
DATAFLOW,OECD.ENV.EPI:DSD_AIR_GHG@DF_AIR_GHG(1.0),Air emissions - Greenhouse gas emissions Inventories,I,EU27_2020,European Union (27 countries from 01/02/2020),A,Annual,GHG,Greenhouse gases,_T,Total emissions excluding LULUCF,KG_CO2E_PS,Kilogrammes of CO2-equivalent per person,2023,,6.883682,,A,Normal value,3,Thousands,,,,,2,Two,,
DATAFLOW,OECD.ENV.EPI:DSD_AIR_GHG@DF_AIR_GHG(1.0),Air emissions - Greenhouse gas emissions Inventories,I,BLR,Belarus,A,Annual,GHG,Greenhouse gases,_T,Total emissions excluding LULUCF,KG_CO2E_PS,Kilogrammes of CO2-equivalent per person,2023,,9.56043,,A,Normal value,3,Thousands,,,,,2,Two,,
DATAFLOW,OECD.ENV.EPI:DSD_AIR_GHG@DF_AIR_GHG(1.0),Air emissions - Greenhouse gas emissions Inventories,I,BGR,Bulgaria,A,Annual,GHG,Greenhouse gases,_T,Total emissions excluding LULUCF,KG_CO2E_PS,Kilogrammes of CO2-equivalent per person,2023,,6.675433,,A,Normal value,3,Thousands,,,,,2,Two,,
DATAFLOW,OECD.ENV.EPI:DSD_AIR_GHG@DF_AIR_GHG(1.0),Air emissions - Greenhouse gas emissions Inventories,I,HRV,Croatia,A,Annual,GHG,Greenhouse gases,_T,Total emissions excluding LULUCF,KG_CO2E_PS,Kilogrammes of CO2-equivalent per person,2023,,6.524332,,A,Normal value,3,Thousands,,,,,2,Two,,
DATAFLOW,OECD.ENV.EPI:DSD_AIR_GHG@DF_AIR_GHG(1.0),Air emissions - Greenhouse gas emissions Inventories,I,CYP,Cyprus,A,Annual,GHG,Greenhouse gases,_T,Total emissions excluding LULUCF,KG_CO2E_PS,Kilogrammes of CO2-equivalent per person,2023,,6.317472,,A,Normal value,3,Thousands,,,,,2,Two,,
DATAFLOW,OECD.ENV.EPI:DSD_AIR_GHG@DF_AIR_GHG(1.0),Air emissions - Greenhouse gas emissions Inventories,I,KAZ,Kazakhstan,A,Annual,GHG,Greenhouse gases,_T,Total emissions excluding LULUCF,KG_CO2E_PS,Kilogrammes of CO2-equivalent per person,2023,,17.01328,,A,Normal value,3,Thousands,,,,,2,Two,,
DATAFLOW,OECD.ENV.EPI:DSD_AIR_GHG@DF_AIR_GHG(1.0),Air emissions - Greenhouse gas emissions Inventories,I,LIE,Liechtenstein,A,Annual,GHG,Greenhouse gases,_T,Total emissions excluding LULUCF,KG_CO2E_PS,Kilogrammes of CO2-equivalent per person,2023,,4.22602,,A,Normal value,3,Thousands,,,,,2,Two,,
DATAFLOW,OECD.ENV.EPI:DSD_AIR_GHG@DF_AIR_GHG(1.0),Air emissions - Greenhouse gas emissions Inventories,I,MLT,Malta,A,Annual,GHG,Greenhouse gases,_T,Total emissions excluding LULUCF,KG_CO2E_PS,Kilogrammes of CO2-equivalent per person,2023,,4.214103,,A,Normal value,3,Thousands,,,,,2,Two,,
DATAFLOW,OECD.ENV.EPI:DSD_AIR_GHG@DF_AIR_GHG(1.0),Air emissions - Greenhouse gas emissions Inventories,I,MCO,Monaco,A,Annual,GHG,Greenhouse gases,_T,Total emissions excluding LULUCF,KG_CO2E_PS,Kilogrammes of CO2-equivalent per person,2023,,1.534798,,A,Normal value,3,Thousands,,,,,2,Two,,
DATAFLOW,OECD.ENV.EPI:DSD_AIR_GHG@DF_AIR_GHG(1.0),Air emissions - Greenhouse gas emissions Inventories,I,ROU,Romania,A,Annual,GHG,Greenhouse gases,_T,Total emissions excluding LULUCF,KG_CO2E_PS,Kilogrammes of CO2-equivalent per person,2023,,5.432569,,A,Normal value,3,Thousands,,,,,2,Two,,
DATAFLOW,OECD.ENV.EPI:DSD_AIR_GHG@DF_AIR_GHG(1.0),Air emissions - Greenhouse gas emissions Inventories,I,RUS,Russia,A,Annual,GHG,Greenhouse gases,_T,Total emissions excluding LULUCF,KG_CO2E_PS,Kilogrammes of CO2-equivalent per person,2023,,14.32121,,A,Normal value,3,Thousands,,,,,2,Two,,
DATAFLOW,OECD.ENV.EPI:DSD_AIR_GHG@DF_AIR_GHG(1.0),Air emissions - Greenhouse gas emissions Inventories,I,SRB,Serbia,A,Annual,GHG,Greenhouse gases,_T,Total emissions excluding LULUCF,KG_CO2E_PS,Kilogrammes of CO2-equivalent per person,2023,,9.169923,,A,Normal value,3,Thousands,,,,,2,Two,,
DATAFLOW,OECD.ENV.EPI:DSD_AIR_GHG@DF_AIR_GHG(1.0),Air emissions - Greenhouse gas emissions Inventories,I,UKR,Ukraine,A,Annual,GHG,Greenhouse gases,_T,Total emissions excluding LULUCF,KG_CO2E_PS,Kilogrammes of CO2-equivalent per person,2023,,6.171138,,A,Normal value,3,Thousands,,,,,2,Two,,
DATAFLOW,OECD.ENV.EPI:DSD_AIR_GHG@DF_AIR_GHG(1.0),Air emissions - Greenhouse gas emissions Inventories,I,AUS,Australia,A,Annual,GHG,Greenhouse gases,_T,Total emissions excluding LULUCF,KG_CO2E_PS,Kilogrammes of CO2-equivalent per person,2017,,22.74916,,A,Normal value,3,Thousands,,,,,2,Two,,
DATAFLOW,OECD.ENV.EPI:DSD_AIR_GHG@DF_AIR_GHG(1.0),Air emissions - Greenhouse gas emissions Inventories,I,AUT,Austria,A,Annual,GHG,Greenhouse gases,_T,Total emissions excluding LULUCF,KG_CO2E_PS,Kilogrammes of CO2-equivalent per person,2017,,9.391686,,A,Normal value,3,Thousands,,,,,2,Two,,
DATAFLOW,OECD.ENV.EPI:DSD_AIR_GHG@DF_AIR_GHG(1.0),Air emissions - Greenhouse gas emissions Inventories,I,BEL,Belgium,A,Annual,GHG,Greenhouse gases,_T,Total emissions excluding LULUCF,KG_CO2E_PS,Kilogrammes of CO2-equivalent per person,2017,,10.25028,,A,Normal value,3,Thousands,,,,,2,Two,,
DATAFLOW,OECD.ENV.EPI:DSD_AIR_GHG@DF_AIR_GHG(1.0),Air emissions - Greenhouse gas emissions Inventories,I,CAN,Canada,A,Annual,GHG,Greenhouse gases,_T,Total emissions excluding LULUCF,KG_CO2E_PS,Kilogrammes of CO2-equivalent per person,2017,,20.03908,,A,Normal value,3,Thousands,,,,,2,Two,,
DATAFLOW,OECD.ENV.EPI:DSD_AIR_GHG@DF_AIR_GHG(1.0),Air emissions - Greenhouse gas emissions Inventories,I,CHL,Chile,A,Annual,GHG,Greenhouse gases,_T,Total emissions excluding LULUCF,KG_CO2E_PS,Kilogrammes of CO2-equivalent per person,2017,,5.696826,,A,Normal value,3,Thousands,,,,,2,Two,,
DATAFLOW,OECD.ENV.EPI:DSD_AIR_GHG@DF_AIR_GHG(1.0),Air emissions - Greenhouse gas emissions Inventories,I,COL,Colombia,A,Annual,GHG,Greenhouse gases,_T,Total emissions excluding LULUCF,KG_CO2E_PS,Kilogrammes of CO2-equivalent per person,2017,,3.476127,,A,Normal value,3,Thousands,,,,,2,Two,,
DATAFLOW,OECD.ENV.EPI:DSD_AIR_GHG@DF_AIR_GHG(1.0),Air emissions - Greenhouse gas emissions Inventories,I,CRI,Costa Rica,A,Annual,GHG,Greenhouse gases,_T,Total emissions excluding LULUCF,KG_CO2E_PS,Kilogrammes of CO2-equivalent per person,2017,,2.946688,,A,Normal value,3,Thousands,,,,,2,Two,,
DATAFLOW,OECD.ENV.EPI:DSD_AIR_GHG@DF_AIR_GHG(1.0),Air emissions - Greenhouse gas emissions Inventories,I,CZE,Czechia,A,Annual,GHG,Greenhouse gases,_T,Total emissions excluding LULUCF,KG_CO2E_PS,Kilogrammes of CO2-equivalent per person,2017,,12.21656,,A,Normal value,3,Thousands,,,,,2,Two,,
DATAFLOW,OECD.ENV.EPI:DSD_AIR_GHG@DF_AIR_GHG(1.0),Air emissions - Greenhouse gas emissions Inventories,I,DNK,Denmark,A,Annual,GHG,Greenhouse gases,_T,Total emissions excluding LULUCF,KG_CO2E_PS,Kilogrammes of CO2-equivalent per person,2017,,8.648594,,A,Normal value,3,Thousands,,,,,2,Two,,
DATAFLOW,OECD.ENV.EPI:DSD_AIR_GHG@DF_AIR_GHG(1.0),Air emissions - Greenhouse gas emissions Inventories,I,EST,Estonia,A,Annual,GHG,Greenhouse gases,_T,Total emissions excluding LULUCF,KG_CO2E_PS,Kilogrammes of CO2-equivalent per person,2017,,15.76337,,A,Normal value,3,Thousands,,,,,2,Two,,
DATAFLOW,OECD.ENV.EPI:DSD_AIR_GHG@DF_AIR_GHG(1.0),Air emissions - Greenhouse gas emissions Inventories,I,FIN,Finland,A,Annual,GHG,Greenhouse gases,_T,Total emissions excluding LULUCF,KG_CO2E_PS,Kilogrammes of CO2-equivalent per person,2017,,9.988059,,A,Normal value,3,Thousands,,,,,2,Two,,
DATAFLOW,OECD.ENV.EPI:DSD_AIR_GHG@DF_AIR_GHG(1.0),Air emissions - Greenhouse gas emissions Inventories,I,FRA,France,A,Annual,GHG,Greenhouse gases,_T,Total emissions excluding LULUCF,KG_CO2E_PS,Kilogrammes of CO2-equivalent per person,2017,,7.110206,,A,Normal value,3,Thousands,,,,,2,Two,,
DATAFLOW,OECD.ENV.EPI:DSD_AIR_GHG@DF_AIR_GHG(1.0),Air emissions - Greenhouse gas emissions Inventories,I,DEU,Germany,A,Annual,GHG,Greenhouse gases,_T,Total emissions excluding LULUCF,KG_CO2E_PS,Kilogrammes of CO2-equivalent per person,2017,,10.616,,A,Normal value,3,Thousands,,,,,2,Two,,
DATAFLOW,OECD.ENV.EPI:DSD_AIR_GHG@DF_AIR_GHG(1.0),Air emissions - Greenhouse gas emissions Inventories,I,GRC,Greece,A,Annual,GHG,Greenhouse gases,_T,Total emissions excluding LULUCF,KG_CO2E_PS,Kilogrammes of CO2-equivalent per person,2017,,8.950194,,A,Normal value,3,Thousands,,,,,2,Two,,
DATAFLOW,OECD.ENV.EPI:DSD_AIR_GHG@DF_AIR_GHG(1.0),Air emissions - Greenhouse gas emissions Inventories,I,HUN,Hungary,A,Annual,GHG,Greenhouse gases,_T,Total emissions excluding LULUCF,KG_CO2E_PS,Kilogrammes of CO2-equivalent per person,2017,,6.664885,,A,Normal value,3,Thousands,,,,,2,Two,,
DATAFLOW,OECD.ENV.EPI:DSD_AIR_GHG@DF_AIR_GHG(1.0),Air emissions - Greenhouse gas emissions Inventories,I,ISL,Iceland,A,Annual,GHG,Greenhouse gases,_T,Total emissions excluding LULUCF,KG_CO2E_PS,Kilogrammes of CO2-equivalent per person,2017,,14.21876,,A,Normal value,3,Thousands,,,,,2,Two,,
DATAFLOW,OECD.ENV.EPI:DSD_AIR_GHG@DF_AIR_GHG(1.0),Air emissions - Greenhouse gas emissions Inventories,I,IRL,Ireland,A,Annual,GHG,Greenhouse gases,_T,Total emissions excluding LULUCF,KG_CO2E_PS,Kilogrammes of CO2-equivalent per person,2017,,12.87677,,A,Normal value,3,Thousands,,,,,2,Two,,
DATAFLOW,OECD.ENV.EPI:DSD_AIR_GHG@DF_AIR_GHG(1.0),Air emissions - Greenhouse gas emissions Inventories,I,ISR,Israel,A,Annual,GHG,Greenhouse gases,_T,Total emissions excluding LULUCF,KG_CO2E_PS,Kilogrammes of CO2-equivalent per person,2017,,9.597851,,A,Normal value,3,Thousands,,,,,2,Two,,
DATAFLOW,OECD.ENV.EPI:DSD_AIR_GHG@DF_AIR_GHG(1.0),Air emissions - Greenhouse gas emissions Inventories,I,ITA,Italy,A,Annual,GHG,Greenhouse gases,_T,Total emissions excluding LULUCF,KG_CO2E_PS,Kilogrammes of CO2-equivalent per person,2017,,7.159425,,A,Normal value,3,Thousands,,,,,2,Two,,
DATAFLOW,OECD.ENV.EPI:DSD_AIR_GHG@DF_AIR_GHG(1.0),Air emissions - Greenhouse gas emissions Inventories,I,JPN,Japan,A,Annual,GHG,Greenhouse gases,_T,Total emissions excluding LULUCF,KG_CO2E_PS,Kilogrammes of CO2-equivalent per person,2017,,9.992245,,A,Normal value,3,Thousands,,,,,2,Two,,
DATAFLOW,OECD.ENV.EPI:DSD_AIR_GHG@DF_AIR_GHG(1.0),Air emissions - Greenhouse gas emissions Inventories,I,KOR,Korea,A,Annual,GHG,Greenhouse gases,_T,Total emissions excluding LULUCF,KG_CO2E_PS,Kilogrammes of CO2-equivalent per person,2017,,14.74389,,A,Normal value,3,Thousands,,,,,2,Two,,
DATAFLOW,OECD.ENV.EPI:DSD_AIR_GHG@DF_AIR_GHG(1.0),Air emissions - Greenhouse gas emissions Inventories,I,LVA,Latvia,A,Annual,GHG,Greenhouse gases,_T,Total emissions excluding LULUCF,KG_CO2E_PS,Kilogrammes of CO2-equivalent per person,2017,,5.551417,,A,Normal value,3,Thousands,,,,,2,Two,,
DATAFLOW,OECD.ENV.EPI:DSD_AIR_GHG@DF_AIR_GHG(1.0),Air emissions - Greenhouse gas emissions Inventories,I,LTU,Lithuania,A,Annual,GHG,Greenhouse gases,_T,Total emissions excluding LULUCF,KG_CO2E_PS,Kilogrammes of CO2-equivalent per person,2017,,7.007361,,A,Normal value,3,Thousands,,,,,2,Two,,
DATAFLOW,OECD.ENV.EPI:DSD_AIR_GHG@DF_AIR_GHG(1.0),Air emissions - Greenhouse gas emissions Inventories,I,LUX,Luxembourg,A,Annual,GHG,Greenhouse gases,_T,Total emissions excluding LULUCF,KG_CO2E_PS,Kilogrammes of CO2-equivalent per person,2017,,17.24055,,A,Normal value,3,Thousands,,,,,2,Two,,
DATAFLOW,OECD.ENV.EPI:DSD_AIR_GHG@DF_AIR_GHG(1.0),Air emissions - Greenhouse gas emissions Inventories,I,MEX,Mexico,A,Annual,GHG,Greenhouse gases,_T,Total emissions excluding LULUCF,KG_CO2E_PS,Kilogrammes of CO2-equivalent per person,2017,,6.142427,,A,Normal value,3,Thousands,,,,,2,Two,,
DATAFLOW,OECD.ENV.EPI:DSD_AIR_GHG@DF_AIR_GHG(1.0),Air emissions - Greenhouse gas emissions Inventories,I,NLD,Netherlands,A,Annual,GHG,Greenhouse gases,_T,Total emissions excluding LULUCF,KG_CO2E_PS,Kilogrammes of CO2-equivalent per person,2017,,11.09322,,A,Normal value,3,Thousands,,,,,2,Two,,
DATAFLOW,OECD.ENV.EPI:DSD_AIR_GHG@DF_AIR_GHG(1.0),Air emissions - Greenhouse gas emissions Inventories,I,NZL,New Zealand,A,Annual,GHG,Greenhouse gases,_T,Total emissions excluding LULUCF,KG_CO2E_PS,Kilogrammes of CO2-equivalent per person,2017,,17.17259,,A,Normal value,3,Thousands,,,,,2,Two,,
DATAFLOW,OECD.ENV.EPI:DSD_AIR_GHG@DF_AIR_GHG(1.0),Air emissions - Greenhouse gas emissions Inventories,I,NOR,Norway,A,Annual,GHG,Greenhouse gases,_T,Total emissions excluding LULUCF,KG_CO2E_PS,Kilogrammes of CO2-equivalent per person,2017,,9.982174,,A,Normal value,3,Thousands,,,,,2,Two,,
DATAFLOW,OECD.ENV.EPI:DSD_AIR_GHG@DF_AIR_GHG(1.0),Air emissions - Greenhouse gas emissions Inventories,I,POL,Poland,A,Annual,GHG,Greenhouse gases,_T,Total emissions excluding LULUCF,KG_CO2E_PS,Kilogrammes of CO2-equivalent per person,2017,,10.66434,,A,Normal value,3,Thousands,,,,,2,Two,,
DATAFLOW,OECD.ENV.EPI:DSD_AIR_GHG@DF_AIR_GHG(1.0),Air emissions - Greenhouse gas emissions Inventories,I,PRT,Portugal,A,Annual,GHG,Greenhouse gases,_T,Total emissions excluding LULUCF,KG_CO2E_PS,Kilogrammes of CO2-equivalent per person,2017,,6.846301,,A,Normal value,3,Thousands,,,,,2,Two,,
DATAFLOW,OECD.ENV.EPI:DSD_AIR_GHG@DF_AIR_GHG(1.0),Air emissions - Greenhouse gas emissions Inventories,I,SVK,Slovak Republic,A,Annual,GHG,Greenhouse gases,_T,Total emissions excluding LULUCF,KG_CO2E_PS,Kilogrammes of CO2-equivalent per person,2017,,7.744914,,A,Normal value,3,Thousands,,,,,2,Two,,
DATAFLOW,OECD.ENV.EPI:DSD_AIR_GHG@DF_AIR_GHG(1.0),Air emissions - Greenhouse gas emissions Inventories,I,SVN,Slovenia,A,Annual,GHG,Greenhouse gases,_T,Total emissions excluding LULUCF,KG_CO2E_PS,Kilogrammes of CO2-equivalent per person,2017,,8.639655,,A,Normal value,3,Thousands,,,,,2,Two,,
DATAFLOW,OECD.ENV.EPI:DSD_AIR_GHG@DF_AIR_GHG(1.0),Air emissions - Greenhouse gas emissions Inventories,I,ESP,Spain,A,Annual,GHG,Greenhouse gases,_T,Total emissions excluding LULUCF,KG_CO2E_PS,Kilogrammes of CO2-equivalent per person,2017,,7.111025,,A,Normal value,3,Thousands,,,,,2,Two,,
DATAFLOW,OECD.ENV.EPI:DSD_AIR_GHG@DF_AIR_GHG(1.0),Air emissions - Greenhouse gas emissions Inventories,I,SWE,Sweden,A,Annual,GHG,Greenhouse gases,_T,Total emissions excluding LULUCF,KG_CO2E_PS,Kilogrammes of CO2-equivalent per person,2017,,5.199349,,A,Normal value,3,Thousands,,,,,2,Two,,
DATAFLOW,OECD.ENV.EPI:DSD_AIR_GHG@DF_AIR_GHG(1.0),Air emissions - Greenhouse gas emissions Inventories,I,CHE,Switzerland,A,Annual,GHG,Greenhouse gases,_T,Total emissions excluding LULUCF,KG_CO2E_PS,Kilogrammes of CO2-equivalent per person,2017,,5.731875,,A,Normal value,3,Thousands,,,,,2,Two,,
DATAFLOW,OECD.ENV.EPI:DSD_AIR_GHG@DF_AIR_GHG(1.0),Air emissions - Greenhouse gas emissions Inventories,I,TUR,Türkiye,A,Annual,GHG,Greenhouse gases,_T,Total emissions excluding LULUCF,KG_CO2E_PS,Kilogrammes of CO2-equivalent per person,2017,,6.407755,,A,Normal value,3,Thousands,,,,,2,Two,,
DATAFLOW,OECD.ENV.EPI:DSD_AIR_GHG@DF_AIR_GHG(1.0),Air emissions - Greenhouse gas emissions Inventories,I,GBR,United Kingdom,A,Annual,GHG,Greenhouse gases,_T,Total emissions excluding LULUCF,KG_CO2E_PS,Kilogrammes of CO2-equivalent per person,2017,,7.134717,,A,Normal value,3,Thousands,,,,,2,Two,,
DATAFLOW,OECD.ENV.EPI:DSD_AIR_GHG@DF_AIR_GHG(1.0),Air emissions - Greenhouse gas emissions Inventories,I,USA,United States,A,Annual,GHG,Greenhouse gases,_T,Total emissions excluding LULUCF,KG_CO2E_PS,Kilogrammes of CO2-equivalent per person,2017,,19.71985,,A,Normal value,3,Thousands,,,,,2,Two,,
DATAFLOW,OECD.ENV.EPI:DSD_AIR_GHG@DF_AIR_GHG(1.0),Air emissions - Greenhouse gas emissions Inventories,I,EU27_2020,European Union (27 countries from 01/02/2020),A,Annual,GHG,Greenhouse gases,_T,Total emissions excluding LULUCF,KG_CO2E_PS,Kilogrammes of CO2-equivalent per person,2017,,8.586848,,A,Normal value,3,Thousands,,,,,2,Two,,
DATAFLOW,OECD.ENV.EPI:DSD_AIR_GHG@DF_AIR_GHG(1.0),Air emissions - Greenhouse gas emissions Inventories,I,DZA,Algeria,A,Annual,GHG,Greenhouse gases,_T,Total emissions excluding LULUCF,KG_CO2E_PS,Kilogrammes of CO2-equivalent per person,2017,,5.087825,,A,Normal value,3,Thousands,,,,,2,Two,,
DATAFLOW,OECD.ENV.EPI:DSD_AIR_GHG@DF_AIR_GHG(1.0),Air emissions - Greenhouse gas emissions Inventories,I,ARG,Argentina,A,Annual,GHG,Greenhouse gases,_T,Total emissions excluding LULUCF,KG_CO2E_PS,Kilogrammes of CO2-equivalent per person,2017,,7.752652,,A,Normal value,3,Thousands,,,,,2,Two,,
DATAFLOW,OECD.ENV.EPI:DSD_AIR_GHG@DF_AIR_GHG(1.0),Air emissions - Greenhouse gas emissions Inventories,I,BLR,Belarus,A,Annual,GHG,Greenhouse gases,_T,Total emissions excluding LULUCF,KG_CO2E_PS,Kilogrammes of CO2-equivalent per person,2017,,9.421781,,A,Normal value,3,Thousands,,,,,2,Two,,
DATAFLOW,OECD.ENV.EPI:DSD_AIR_GHG@DF_AIR_GHG(1.0),Air emissions - Greenhouse gas emissions Inventories,I,BRA,Brazil,A,Annual,GHG,Greenhouse gases,_T,Total emissions excluding LULUCF,KG_CO2E_PS,Kilogrammes of CO2-equivalent per person,2017,,5.765045,,A,Normal value,3,Thousands,,,,,2,Two,,
DATAFLOW,OECD.ENV.EPI:DSD_AIR_GHG@DF_AIR_GHG(1.0),Air emissions - Greenhouse gas emissions Inventories,I,BRN,Brunei Darussalam,A,Annual,GHG,Greenhouse gases,_T,Total emissions excluding LULUCF,KG_CO2E_PS,Kilogrammes of CO2-equivalent per person,2017,,25.98647,,A,Normal value,3,Thousands,,,,,2,Two,,
DATAFLOW,OECD.ENV.EPI:DSD_AIR_GHG@DF_AIR_GHG(1.0),Air emissions - Greenhouse gas emissions Inventories,I,BGR,Bulgaria,A,Annual,GHG,Greenhouse gases,_T,Total emissions excluding LULUCF,KG_CO2E_PS,Kilogrammes of CO2-equivalent per person,2017,,8.421081,,A,Normal value,3,Thousands,,,,,2,Two,,
DATAFLOW,OECD.ENV.EPI:DSD_AIR_GHG@DF_AIR_GHG(1.0),Air emissions - Greenhouse gas emissions Inventories,I,CIV,Côte d’Ivoire,A,Annual,GHG,Greenhouse gases,_T,Total emissions excluding LULUCF,KG_CO2E_PS,Kilogrammes of CO2-equivalent per person,2017,,1.741144,,A,Normal value,3,Thousands,,,,,2,Two,,
DATAFLOW,OECD.ENV.EPI:DSD_AIR_GHG@DF_AIR_GHG(1.0),Air emissions - Greenhouse gas emissions Inventories,I,HRV,Croatia,A,Annual,GHG,Greenhouse gases,_T,Total emissions excluding LULUCF,KG_CO2E_PS,Kilogrammes of CO2-equivalent per person,2017,,6.318025,,A,Normal value,3,Thousands,,,,,2,Two,,
DATAFLOW,OECD.ENV.EPI:DSD_AIR_GHG@DF_AIR_GHG(1.0),Air emissions - Greenhouse gas emissions Inventories,I,CUB,Cuba,A,Annual,GHG,Greenhouse gases,_T,Total emissions excluding LULUCF,KG_CO2E_PS,Kilogrammes of CO2-equivalent per person,2017,,4.84334,,A,Normal value,3,Thousands,,,,,2,Two,,
DATAFLOW,OECD.ENV.EPI:DSD_AIR_GHG@DF_AIR_GHG(1.0),Air emissions - Greenhouse gas emissions Inventories,I,CYP,Cyprus,A,Annual,GHG,Greenhouse gases,_T,Total emissions excluding LULUCF,KG_CO2E_PS,Kilogrammes of CO2-equivalent per person,2017,,7.117575,,A,Normal value,3,Thousands,,,,,2,Two,,
DATAFLOW,OECD.ENV.EPI:DSD_AIR_GHG@DF_AIR_GHG(1.0),Air emissions - Greenhouse gas emissions Inventories,I,EGY,Egypt,A,Annual,GHG,Greenhouse gases,_T,Total emissions excluding LULUCF,KG_CO2E_PS,Kilogrammes of CO2-equivalent per person,2017,,3.436196,,A,Normal value,3,Thousands,,,,,2,Two,,
DATAFLOW,OECD.ENV.EPI:DSD_AIR_GHG@DF_AIR_GHG(1.0),Air emissions - Greenhouse gas emissions Inventories,I,GEO,Georgia,A,Annual,GHG,Greenhouse gases,_T,Total emissions excluding LULUCF,KG_CO2E_PS,Kilogrammes of CO2-equivalent per person,2017,,4.690071,,A,Normal value,3,Thousands,,,,,2,Two,,
DATAFLOW,OECD.ENV.EPI:DSD_AIR_GHG@DF_AIR_GHG(1.0),Air emissions - Greenhouse gas emissions Inventories,I,GHA,Ghana,A,Annual,GHG,Greenhouse gases,_T,Total emissions excluding LULUCF,KG_CO2E_PS,Kilogrammes of CO2-equivalent per person,2017,,1.265825,,A,Normal value,3,Thousands,,,,,2,Two,,
DATAFLOW,OECD.ENV.EPI:DSD_AIR_GHG@DF_AIR_GHG(1.0),Air emissions - Greenhouse gas emissions Inventories,I,GTM,Guatemala,A,Annual,GHG,Greenhouse gases,_T,Total emissions excluding LULUCF,KG_CO2E_PS,Kilogrammes of CO2-equivalent per person,2017,,1.852833,,A,Normal value,3,Thousands,,,,,2,Two,,
DATAFLOW,OECD.ENV.EPI:DSD_AIR_GHG@DF_AIR_GHG(1.0),Air emissions - Greenhouse gas emissions Inventories,I,GNB,Guinea-Bissau,A,Annual,GHG,Greenhouse gases,_T,Total emissions excluding LULUCF,KG_CO2E_PS,Kilogrammes of CO2-equivalent per person,2017,,0.7177915,,A,Normal value,3,Thousands,,,,,2,Two,,
DATAFLOW,OECD.ENV.EPI:DSD_AIR_GHG@DF_AIR_GHG(1.0),Air emissions - Greenhouse gas emissions Inventories,I,GUY,Guyana,A,Annual,GHG,Greenhouse gases,_T,Total emissions excluding LULUCF,KG_CO2E_PS,Kilogrammes of CO2-equivalent per person,2017,,6.172941,,A,Normal value,3,Thousands,,,,,2,Two,,
DATAFLOW,OECD.ENV.EPI:DSD_AIR_GHG@DF_AIR_GHG(1.0),Air emissions - Greenhouse gas emissions Inventories,I,VAT,Holy See,A,Annual,GHG,Greenhouse gases,_T,Total emissions excluding LULUCF,KG_CO2E_PS,Kilogrammes of CO2-equivalent per person,2017,,30.69888,,A,Normal value,3,Thousands,,,,,2,Two,,
DATAFLOW,OECD.ENV.EPI:DSD_AIR_GHG@DF_AIR_GHG(1.0),Air emissions - Greenhouse gas emissions Inventories,I,IDN,Indonesia,A,Annual,GHG,Greenhouse gases,_T,Total emissions excluding LULUCF,KG_CO2E_PS,Kilogrammes of CO2-equivalent per person,2017,,3.26231,,A,Normal value,3,Thousands,,,,,2,Two,,
DATAFLOW,OECD.ENV.EPI:DSD_AIR_GHG@DF_AIR_GHG(1.0),Air emissions - Greenhouse gas emissions Inventories,I,KAZ,Kazakhstan,A,Annual,GHG,Greenhouse gases,_T,Total emissions excluding LULUCF,KG_CO2E_PS,Kilogrammes of CO2-equivalent per person,2017,,20.84414,,A,Normal value,3,Thousands,,,,,2,Two,,
DATAFLOW,OECD.ENV.EPI:DSD_AIR_GHG@DF_AIR_GHG(1.0),Air emissions - Greenhouse gas emissions Inventories,I,KEN,Kenya,A,Annual,GHG,Greenhouse gases,_T,Total emissions excluding LULUCF,KG_CO2E_PS,Kilogrammes of CO2-equivalent per person,2017,,1.201175,,A,Normal value,3,Thousands,,,,,2,Two,,
DATAFLOW,OECD.ENV.EPI:DSD_AIR_GHG@DF_AIR_GHG(1.0),Air emissions - Greenhouse gas emissions Inventories,I,LIE,Liechtenstein,A,Annual,GHG,Greenhouse gases,_T,Total emissions excluding LULUCF,KG_CO2E_PS,Kilogrammes of CO2-equivalent per person,2017,,5.090501,,A,Normal value,3,Thousands,,,,,2,Two,,
DATAFLOW,OECD.ENV.EPI:DSD_AIR_GHG@DF_AIR_GHG(1.0),Air emissions - Greenhouse gas emissions Inventories,I,MYS,Malaysia,A,Annual,GHG,Greenhouse gases,_T,Total emissions excluding LULUCF,KG_CO2E_PS,Kilogrammes of CO2-equivalent per person,2017,,9.808034,,A,Normal value,3,Thousands,,,,,2,Two,,
DATAFLOW,OECD.ENV.EPI:DSD_AIR_GHG@DF_AIR_GHG(1.0),Air emissions - Greenhouse gas emissions Inventories,I,MDV,Maldives,A,Annual,GHG,Greenhouse gases,_T,Total emissions excluding LULUCF,KG_CO2E_PS,Kilogrammes of CO2-equivalent per person,2017,,3.957199,,A,Normal value,3,Thousands,,,,,2,Two,,
DATAFLOW,OECD.ENV.EPI:DSD_AIR_GHG@DF_AIR_GHG(1.0),Air emissions - Greenhouse gas emissions Inventories,I,MLT,Malta,A,Annual,GHG,Greenhouse gases,_T,Total emissions excluding LULUCF,KG_CO2E_PS,Kilogrammes of CO2-equivalent per person,2017,,4.311118,,A,Normal value,3,Thousands,,,,,2,Two,,
DATAFLOW,OECD.ENV.EPI:DSD_AIR_GHG@DF_AIR_GHG(1.0),Air emissions - Greenhouse gas emissions Inventories,I,MUS,Mauritius,A,Annual,GHG,Greenhouse gases,_T,Total emissions excluding LULUCF,KG_CO2E_PS,Kilogrammes of CO2-equivalent per person,2017,,4.435731,,A,Normal value,3,Thousands,,,,,2,Two,,
DATAFLOW,OECD.ENV.EPI:DSD_AIR_GHG@DF_AIR_GHG(1.0),Air emissions - Greenhouse gas emissions Inventories,I,MDA,Moldova,A,Annual,GHG,Greenhouse gases,_T,Total emissions excluding LULUCF,KG_CO2E_PS,Kilogrammes of CO2-equivalent per person,2017,,4.155583,,A,Normal value,3,Thousands,,,,,2,Two,,
DATAFLOW,OECD.ENV.EPI:DSD_AIR_GHG@DF_AIR_GHG(1.0),Air emissions - Greenhouse gas emissions Inventories,I,MCO,Monaco,A,Annual,GHG,Greenhouse gases,_T,Total emissions excluding LULUCF,KG_CO2E_PS,Kilogrammes of CO2-equivalent per person,2017,,2.212514,,A,Normal value,3,Thousands,,,,,2,Two,,
DATAFLOW,OECD.ENV.EPI:DSD_AIR_GHG@DF_AIR_GHG(1.0),Air emissions - Greenhouse gas emissions Inventories,I,NAM,Namibia,A,Annual,GHG,Greenhouse gases,_T,Total emissions excluding LULUCF,KG_CO2E_PS,Kilogrammes of CO2-equivalent per person,2017,,4.37755,,A,Normal value,3,Thousands,,,,,2,Two,,
DATAFLOW,OECD.ENV.EPI:DSD_AIR_GHG@DF_AIR_GHG(1.0),Air emissions - Greenhouse gas emissions Inventories,I,NPL,Nepal,A,Annual,GHG,Greenhouse gases,_T,Total emissions excluding LULUCF,KG_CO2E_PS,Kilogrammes of CO2-equivalent per person,2017,,1.670359,,A,Normal value,3,Thousands,,,,,2,Two,,
DATAFLOW,OECD.ENV.EPI:DSD_AIR_GHG@DF_AIR_GHG(1.0),Air emissions - Greenhouse gas emissions Inventories,I,NGA,Nigeria,A,Annual,GHG,Greenhouse gases,_T,Total emissions excluding LULUCF,KG_CO2E_PS,Kilogrammes of CO2-equivalent per person,2017,,1.497191,,A,Normal value,3,Thousands,,,,,2,Two,,
DATAFLOW,OECD.ENV.EPI:DSD_AIR_GHG@DF_AIR_GHG(1.0),Air emissions - Greenhouse gas emissions Inventories,I,PAN,Panama,A,Annual,GHG,Greenhouse gases,_T,Total emissions excluding LULUCF,KG_CO2E_PS,Kilogrammes of CO2-equivalent per person,2017,,4.376703,,A,Normal value,3,Thousands,,,,,2,Two,,
DATAFLOW,OECD.ENV.EPI:DSD_AIR_GHG@DF_AIR_GHG(1.0),Air emissions - Greenhouse gas emissions Inventories,I,ROU,Romania,A,Annual,GHG,Greenhouse gases,_T,Total emissions excluding LULUCF,KG_CO2E_PS,Kilogrammes of CO2-equivalent per person,2017,,5.98312,,A,Normal value,3,Thousands,,,,,2,Two,,
DATAFLOW,OECD.ENV.EPI:DSD_AIR_GHG@DF_AIR_GHG(1.0),Air emissions - Greenhouse gas emissions Inventories,I,RUS,Russia,A,Annual,GHG,Greenhouse gases,_T,Total emissions excluding LULUCF,KG_CO2E_PS,Kilogrammes of CO2-equivalent per person,2017,,13.67797,,A,Normal value,3,Thousands,,,,,2,Two,,
DATAFLOW,OECD.ENV.EPI:DSD_AIR_GHG@DF_AIR_GHG(1.0),Air emissions - Greenhouse gas emissions Inventories,I,SRB,Serbia,A,Annual,GHG,Greenhouse gases,_T,Total emissions excluding LULUCF,KG_CO2E_PS,Kilogrammes of CO2-equivalent per person,2017,,9.189626,,A,Normal value,3,Thousands,,,,,2,Two,,
DATAFLOW,OECD.ENV.EPI:DSD_AIR_GHG@DF_AIR_GHG(1.0),Air emissions - Greenhouse gas emissions Inventories,I,ZAF,South Africa,A,Annual,GHG,Greenhouse gases,_T,Total emissions excluding LULUCF,KG_CO2E_PS,Kilogrammes of CO2-equivalent per person,2017,,8.678108,,A,Normal value,3,Thousands,,,,,2,Two,,
DATAFLOW,OECD.ENV.EPI:DSD_AIR_GHG@DF_AIR_GHG(1.0),Air emissions - Greenhouse gas emissions Inventories,I,UKR,Ukraine,A,Annual,GHG,Greenhouse gases,_T,Total emissions excluding LULUCF,KG_CO2E_PS,Kilogrammes of CO2-equivalent per person,2017,,7.236908,,A,Normal value,3,Thousands,,,,,2,Two,,
DATAFLOW,OECD.ENV.EPI:DSD_AIR_GHG@DF_AIR_GHG(1.0),Air emissions - Greenhouse gas emissions Inventories,I,UZB,Uzbekistan,A,Annual,GHG,Greenhouse gases,_T,Total emissions excluding LULUCF,KG_CO2E_PS,Kilogrammes of CO2-equivalent per person,2017,,5.397403,,A,Normal value,3,Thousands,,,,,2,Two,,
DATAFLOW,OECD.ENV.EPI:DSD_AIR_GHG@DF_AIR_GHG(1.0),Air emissions - Greenhouse gas emissions Inventories,I,VEN,Venezuela,A,Annual,GHG,Greenhouse gases,_T,Total emissions excluding LULUCF,KG_CO2E_PS,Kilogrammes of CO2-equivalent per person,2017,,7.086742,,A,Normal value,3,Thousands,,,,,2,Two,,
DATAFLOW,OECD.ENV.EPI:DSD_AIR_GHG@DF_AIR_GHG(1.0),Air emissions - Greenhouse gas emissions Inventories,I,AUS,Australia,A,Annual,GHG,Greenhouse gases,_T,Total emissions excluding LULUCF,KG_CO2E_PS,Kilogrammes of CO2-equivalent per person,2015,,22.76201,,A,Normal value,3,Thousands,,,,,2,Two,,
DATAFLOW,OECD.ENV.EPI:DSD_AIR_GHG@DF_AIR_GHG(1.0),Air emissions - Greenhouse gas emissions Inventories,I,AUT,Austria,A,Annual,GHG,Greenhouse gases,_T,Total emissions excluding LULUCF,KG_CO2E_PS,Kilogrammes of CO2-equivalent per person,2015,,9.180776,,A,Normal value,3,Thousands,,,,,2,Two,,
DATAFLOW,OECD.ENV.EPI:DSD_AIR_GHG@DF_AIR_GHG(1.0),Air emissions - Greenhouse gas emissions Inventories,I,BEL,Belgium,A,Annual,GHG,Greenhouse gases,_T,Total emissions excluding LULUCF,KG_CO2E_PS,Kilogrammes of CO2-equivalent per person,2015,,10.52475,,A,Normal value,3,Thousands,,,,,2,Two,,
DATAFLOW,OECD.ENV.EPI:DSD_AIR_GHG@DF_AIR_GHG(1.0),Air emissions - Greenhouse gas emissions Inventories,I,CAN,Canada,A,Annual,GHG,Greenhouse gases,_T,Total emissions excluding LULUCF,KG_CO2E_PS,Kilogrammes of CO2-equivalent per person,2015,,20.63403,,A,Normal value,3,Thousands,,,,,2,Two,,
DATAFLOW,OECD.ENV.EPI:DSD_AIR_GHG@DF_AIR_GHG(1.0),Air emissions - Greenhouse gas emissions Inventories,I,CHL,Chile,A,Annual,GHG,Greenhouse gases,_T,Total emissions excluding LULUCF,KG_CO2E_PS,Kilogrammes of CO2-equivalent per person,2015,,5.585496,,A,Normal value,3,Thousands,,,,,2,Two,,
DATAFLOW,OECD.ENV.EPI:DSD_AIR_GHG@DF_AIR_GHG(1.0),Air emissions - Greenhouse gas emissions Inventories,I,COL,Colombia,A,Annual,GHG,Greenhouse gases,_T,Total emissions excluding LULUCF,KG_CO2E_PS,Kilogrammes of CO2-equivalent per person,2015,,3.604959,,A,Normal value,3,Thousands,,,,,2,Two,,
DATAFLOW,OECD.ENV.EPI:DSD_AIR_GHG@DF_AIR_GHG(1.0),Air emissions - Greenhouse gas emissions Inventories,I,CRI,Costa Rica,A,Annual,GHG,Greenhouse gases,_T,Total emissions excluding LULUCF,KG_CO2E_PS,Kilogrammes of CO2-equivalent per person,2015,,2.823481,,A,Normal value,3,Thousands,,,,,2,Two,,
DATAFLOW,OECD.ENV.EPI:DSD_AIR_GHG@DF_AIR_GHG(1.0),Air emissions - Greenhouse gas emissions Inventories,I,CZE,Czechia,A,Annual,GHG,Greenhouse gases,_T,Total emissions excluding LULUCF,KG_CO2E_PS,Kilogrammes of CO2-equivalent per person,2015,,11.94751,,A,Normal value,3,Thousands,,,,,2,Two,,
DATAFLOW,OECD.ENV.EPI:DSD_AIR_GHG@DF_AIR_GHG(1.0),Air emissions - Greenhouse gas emissions Inventories,I,DNK,Denmark,A,Annual,GHG,Greenhouse gases,_T,Total emissions excluding LULUCF,KG_CO2E_PS,Kilogrammes of CO2-equivalent per person,2015,,8.831057,,A,Normal value,3,Thousands,,,,,2,Two,,
DATAFLOW,OECD.ENV.EPI:DSD_AIR_GHG@DF_AIR_GHG(1.0),Air emissions - Greenhouse gas emissions Inventories,I,EST,Estonia,A,Annual,GHG,Greenhouse gases,_T,Total emissions excluding LULUCF,KG_CO2E_PS,Kilogrammes of CO2-equivalent per person,2015,,13.6325,,A,Normal value,3,Thousands,,,,,2,Two,,
DATAFLOW,OECD.ENV.EPI:DSD_AIR_GHG@DF_AIR_GHG(1.0),Air emissions - Greenhouse gas emissions Inventories,I,FIN,Finland,A,Annual,GHG,Greenhouse gases,_T,Total emissions excluding LULUCF,KG_CO2E_PS,Kilogrammes of CO2-equivalent per person,2015,,10.04057,,A,Normal value,3,Thousands,,,,,2,Two,,
DATAFLOW,OECD.ENV.EPI:DSD_AIR_GHG@DF_AIR_GHG(1.0),Air emissions - Greenhouse gas emissions Inventories,I,FRA,France,A,Annual,GHG,Greenhouse gases,_T,Total emissions excluding LULUCF,KG_CO2E_PS,Kilogrammes of CO2-equivalent per person,2015,,7.074852,,A,Normal value,3,Thousands,,,,,2,Two,,
DATAFLOW,OECD.ENV.EPI:DSD_AIR_GHG@DF_AIR_GHG(1.0),Air emissions - Greenhouse gas emissions Inventories,I,DEU,Germany,A,Annual,GHG,Greenhouse gases,_T,Total emissions excluding LULUCF,KG_CO2E_PS,Kilogrammes of CO2-equivalent per person,2015,,10.98749,,A,Normal value,3,Thousands,,,,,2,Two,,
DATAFLOW,OECD.ENV.EPI:DSD_AIR_GHG@DF_AIR_GHG(1.0),Air emissions - Greenhouse gas emissions Inventories,I,GRC,Greece,A,Annual,GHG,Greenhouse gases,_T,Total emissions excluding LULUCF,KG_CO2E_PS,Kilogrammes of CO2-equivalent per person,2015,,8.878441,,A,Normal value,3,Thousands,,,,,2,Two,,
DATAFLOW,OECD.ENV.EPI:DSD_AIR_GHG@DF_AIR_GHG(1.0),Air emissions - Greenhouse gas emissions Inventories,I,HUN,Hungary,A,Annual,GHG,Greenhouse gases,_T,Total emissions excluding LULUCF,KG_CO2E_PS,Kilogrammes of CO2-equivalent per person,2015,,6.342242,,A,Normal value,3,Thousands,,,,,2,Two,,
DATAFLOW,OECD.ENV.EPI:DSD_AIR_GHG@DF_AIR_GHG(1.0),Air emissions - Greenhouse gas emissions Inventories,I,ISL,Iceland,A,Annual,GHG,Greenhouse gases,_T,Total emissions excluding LULUCF,KG_CO2E_PS,Kilogrammes of CO2-equivalent per person,2015,,14.63909,,A,Normal value,3,Thousands,,,,,2,Two,,
DATAFLOW,OECD.ENV.EPI:DSD_AIR_GHG@DF_AIR_GHG(1.0),Air emissions - Greenhouse gas emissions Inventories,I,IRL,Ireland,A,Annual,GHG,Greenhouse gases,_T,Total emissions excluding LULUCF,KG_CO2E_PS,Kilogrammes of CO2-equivalent per person,2015,,12.84987,,A,Normal value,3,Thousands,,,,,2,Two,,
DATAFLOW,OECD.ENV.EPI:DSD_AIR_GHG@DF_AIR_GHG(1.0),Air emissions - Greenhouse gas emissions Inventories,I,ISR,Israel,A,Annual,GHG,Greenhouse gases,_T,Total emissions excluding LULUCF,KG_CO2E_PS,Kilogrammes of CO2-equivalent per person,2015,,10.05938,,A,Normal value,3,Thousands,,,,,2,Two,,
DATAFLOW,OECD.ENV.EPI:DSD_AIR_GHG@DF_AIR_GHG(1.0),Air emissions - Greenhouse gas emissions Inventories,I,ITA,Italy,A,Annual,GHG,Greenhouse gases,_T,Total emissions excluding LULUCF,KG_CO2E_PS,Kilogrammes of CO2-equivalent per person,2015,,7.306344,,A,Normal value,3,Thousands,,,,,2,Two,,
DATAFLOW,OECD.ENV.EPI:DSD_AIR_GHG@DF_AIR_GHG(1.0),Air emissions - Greenhouse gas emissions Inventories,I,JPN,Japan,A,Annual,GHG,Greenhouse gases,_T,Total emissions excluding LULUCF,KG_CO2E_PS,Kilogrammes of CO2-equivalent per person,2015,,10.23948,,A,Normal value,3,Thousands,,,,,2,Two,,
DATAFLOW,OECD.ENV.EPI:DSD_AIR_GHG@DF_AIR_GHG(1.0),Air emissions - Greenhouse gas emissions Inventories,I,KOR,Korea,A,Annual,GHG,Greenhouse gases,_T,Total emissions excluding LULUCF,KG_CO2E_PS,Kilogrammes of CO2-equivalent per person,2015,,14.24184,,A,Normal value,3,Thousands,,,,,2,Two,,
DATAFLOW,OECD.ENV.EPI:DSD_AIR_GHG@DF_AIR_GHG(1.0),Air emissions - Greenhouse gas emissions Inventories,I,LVA,Latvia,A,Annual,GHG,Greenhouse gases,_T,Total emissions excluding LULUCF,KG_CO2E_PS,Kilogrammes of CO2-equivalent per person,2015,,5.437304,,A,Normal value,3,Thousands,,,,,2,Two,,
DATAFLOW,OECD.ENV.EPI:DSD_AIR_GHG@DF_AIR_GHG(1.0),Air emissions - Greenhouse gas emissions Inventories,I,LTU,Lithuania,A,Annual,GHG,Greenhouse gases,_T,Total emissions excluding LULUCF,KG_CO2E_PS,Kilogrammes of CO2-equivalent per person,2015,,6.762146,,A,Normal value,3,Thousands,,,,,2,Two,,
DATAFLOW,OECD.ENV.EPI:DSD_AIR_GHG@DF_AIR_GHG(1.0),Air emissions - Greenhouse gas emissions Inventories,I,LUX,Luxembourg,A,Annual,GHG,Greenhouse gases,_T,Total emissions excluding LULUCF,KG_CO2E_PS,Kilogrammes of CO2-equivalent per person,2015,,18.14989,,A,Normal value,3,Thousands,,,,,2,Two,,
DATAFLOW,OECD.ENV.EPI:DSD_AIR_GHG@DF_AIR_GHG(1.0),Air emissions - Greenhouse gas emissions Inventories,I,MEX,Mexico,A,Annual,GHG,Greenhouse gases,_T,Total emissions excluding LULUCF,KG_CO2E_PS,Kilogrammes of CO2-equivalent per person,2015,,6.157423,,A,Normal value,3,Thousands,,,,,2,Two,,
DATAFLOW,OECD.ENV.EPI:DSD_AIR_GHG@DF_AIR_GHG(1.0),Air emissions - Greenhouse gas emissions Inventories,I,NLD,Netherlands,A,Annual,GHG,Greenhouse gases,_T,Total emissions excluding LULUCF,KG_CO2E_PS,Kilogrammes of CO2-equivalent per person,2015,,11.35148,,A,Normal value,3,Thousands,,,,,2,Two,,
DATAFLOW,OECD.ENV.EPI:DSD_AIR_GHG@DF_AIR_GHG(1.0),Air emissions - Greenhouse gas emissions Inventories,I,NZL,New Zealand,A,Annual,GHG,Greenhouse gases,_T,Total emissions excluding LULUCF,KG_CO2E_PS,Kilogrammes of CO2-equivalent per person,2015,,18.05449,,A,Normal value,3,Thousands,,,,,2,Two,,
DATAFLOW,OECD.ENV.EPI:DSD_AIR_GHG@DF_AIR_GHG(1.0),Air emissions - Greenhouse gas emissions Inventories,I,NOR,Norway,A,Annual,GHG,Greenhouse gases,_T,Total emissions excluding LULUCF,KG_CO2E_PS,Kilogrammes of CO2-equivalent per person,2015,,10.4499,,A,Normal value,3,Thousands,,,,,2,Two,,
DATAFLOW,OECD.ENV.EPI:DSD_AIR_GHG@DF_AIR_GHG(1.0),Air emissions - Greenhouse gas emissions Inventories,I,POL,Poland,A,Annual,GHG,Greenhouse gases,_T,Total emissions excluding LULUCF,KG_CO2E_PS,Kilogrammes of CO2-equivalent per person,2015,,9.996041,,A,Normal value,3,Thousands,,,,,2,Two,,
DATAFLOW,OECD.ENV.EPI:DSD_AIR_GHG@DF_AIR_GHG(1.0),Air emissions - Greenhouse gas emissions Inventories,I,PRT,Portugal,A,Annual,GHG,Greenhouse gases,_T,Total emissions excluding LULUCF,KG_CO2E_PS,Kilogrammes of CO2-equivalent per person,2015,,6.502329,,A,Normal value,3,Thousands,,,,,2,Two,,
DATAFLOW,OECD.ENV.EPI:DSD_AIR_GHG@DF_AIR_GHG(1.0),Air emissions - Greenhouse gas emissions Inventories,I,SVK,Slovak Republic,A,Annual,GHG,Greenhouse gases,_T,Total emissions excluding LULUCF,KG_CO2E_PS,Kilogrammes of CO2-equivalent per person,2015,,7.453356,,A,Normal value,3,Thousands,,,,,2,Two,,
DATAFLOW,OECD.ENV.EPI:DSD_AIR_GHG@DF_AIR_GHG(1.0),Air emissions - Greenhouse gas emissions Inventories,I,SVN,Slovenia,A,Annual,GHG,Greenhouse gases,_T,Total emissions excluding LULUCF,KG_CO2E_PS,Kilogrammes of CO2-equivalent per person,2015,,8.179931,,A,Normal value,3,Thousands,,,,,2,Two,,
DATAFLOW,OECD.ENV.EPI:DSD_AIR_GHG@DF_AIR_GHG(1.0),Air emissions - Greenhouse gas emissions Inventories,I,ESP,Spain,A,Annual,GHG,Greenhouse gases,_T,Total emissions excluding LULUCF,KG_CO2E_PS,Kilogrammes of CO2-equivalent per person,2015,,7.110942,,A,Normal value,3,Thousands,,,,,2,Two,,
DATAFLOW,OECD.ENV.EPI:DSD_AIR_GHG@DF_AIR_GHG(1.0),Air emissions - Greenhouse gas emissions Inventories,I,SWE,Sweden,A,Annual,GHG,Greenhouse gases,_T,Total emissions excluding LULUCF,KG_CO2E_PS,Kilogrammes of CO2-equivalent per person,2015,,5.437399,,A,Normal value,3,Thousands,,,,,2,Two,,
DATAFLOW,OECD.ENV.EPI:DSD_AIR_GHG@DF_AIR_GHG(1.0),Air emissions - Greenhouse gas emissions Inventories,I,CHE,Switzerland,A,Annual,GHG,Greenhouse gases,_T,Total emissions excluding LULUCF,KG_CO2E_PS,Kilogrammes of CO2-equivalent per person,2015,,5.914449,,A,Normal value,3,Thousands,,,,,2,Two,,
DATAFLOW,OECD.ENV.EPI:DSD_AIR_GHG@DF_AIR_GHG(1.0),Air emissions - Greenhouse gas emissions Inventories,I,TUR,Türkiye,A,Annual,GHG,Greenhouse gases,_T,Total emissions excluding LULUCF,KG_CO2E_PS,Kilogrammes of CO2-equivalent per person,2015,,6.017152,,A,Normal value,3,Thousands,,,,,2,Two,,
DATAFLOW,OECD.ENV.EPI:DSD_AIR_GHG@DF_AIR_GHG(1.0),Air emissions - Greenhouse gas emissions Inventories,I,GBR,United Kingdom,A,Annual,GHG,Greenhouse gases,_T,Total emissions excluding LULUCF,KG_CO2E_PS,Kilogrammes of CO2-equivalent per person,2015,,7.837874,,A,Normal value,3,Thousands,,,,,2,Two,,
DATAFLOW,OECD.ENV.EPI:DSD_AIR_GHG@DF_AIR_GHG(1.0),Air emissions - Greenhouse gas emissions Inventories,I,USA,United States,A,Annual,GHG,Greenhouse gases,_T,Total emissions excluding LULUCF,KG_CO2E_PS,Kilogrammes of CO2-equivalent per person,2015,,20.65523,,A,Normal value,3,Thousands,,,,,2,Two,,
DATAFLOW,OECD.ENV.EPI:DSD_AIR_GHG@DF_AIR_GHG(1.0),Air emissions - Greenhouse gas emissions Inventories,I,EU27_2020,European Union (27 countries from 01/02/2020),A,Annual,GHG,Greenhouse gases,_T,Total emissions excluding LULUCF,KG_CO2E_PS,Kilogrammes of CO2-equivalent per person,2015,,8.58125,,A,Normal value,3,Thousands,,,,,2,Two,,
DATAFLOW,OECD.ENV.EPI:DSD_AIR_GHG@DF_AIR_GHG(1.0),Air emissions - Greenhouse gas emissions Inventories,I,DZA,Algeria,A,Annual,GHG,Greenhouse gases,_T,Total emissions excluding LULUCF,KG_CO2E_PS,Kilogrammes of CO2-equivalent per person,2015,,5.177589,,A,Normal value,3,Thousands,,,,,2,Two,,
DATAFLOW,OECD.ENV.EPI:DSD_AIR_GHG@DF_AIR_GHG(1.0),Air emissions - Greenhouse gas emissions Inventories,I,ARG,Argentina,A,Annual,GHG,Greenhouse gases,_T,Total emissions excluding LULUCF,KG_CO2E_PS,Kilogrammes of CO2-equivalent per person,2015,,7.907748,,A,Normal value,3,Thousands,,,,,2,Two,,
DATAFLOW,OECD.ENV.EPI:DSD_AIR_GHG@DF_AIR_GHG(1.0),Air emissions - Greenhouse gas emissions Inventories,I,BLR,Belarus,A,Annual,GHG,Greenhouse gases,_T,Total emissions excluding LULUCF,KG_CO2E_PS,Kilogrammes of CO2-equivalent per person,2015,,9.338513,,A,Normal value,3,Thousands,,,,,2,Two,,
DATAFLOW,OECD.ENV.EPI:DSD_AIR_GHG@DF_AIR_GHG(1.0),Air emissions - Greenhouse gas emissions Inventories,I,BRA,Brazil,A,Annual,GHG,Greenhouse gases,_T,Total emissions excluding LULUCF,KG_CO2E_PS,Kilogrammes of CO2-equivalent per person,2015,,5.898276,,A,Normal value,3,Thousands,,,,,2,Two,,
DATAFLOW,OECD.ENV.EPI:DSD_AIR_GHG@DF_AIR_GHG(1.0),Air emissions - Greenhouse gas emissions Inventories,I,BRN,Brunei Darussalam,A,Annual,GHG,Greenhouse gases,_T,Total emissions excluding LULUCF,KG_CO2E_PS,Kilogrammes of CO2-equivalent per person,2015,,26.25471,,A,Normal value,3,Thousands,,,,,2,Two,,
DATAFLOW,OECD.ENV.EPI:DSD_AIR_GHG@DF_AIR_GHG(1.0),Air emissions - Greenhouse gas emissions Inventories,I,BGR,Bulgaria,A,Annual,GHG,Greenhouse gases,_T,Total emissions excluding LULUCF,KG_CO2E_PS,Kilogrammes of CO2-equivalent per person,2015,,8.418443,,A,Normal value,3,Thousands,,,,,2,Two,,
DATAFLOW,OECD.ENV.EPI:DSD_AIR_GHG@DF_AIR_GHG(1.0),Air emissions - Greenhouse gas emissions Inventories,I,CIV,Côte d’Ivoire,A,Annual,GHG,Greenhouse gases,_T,Total emissions excluding LULUCF,KG_CO2E_PS,Kilogrammes of CO2-equivalent per person,2015,,1.878543,,A,Normal value,3,Thousands,,,,,2,Two,,
DATAFLOW,OECD.ENV.EPI:DSD_AIR_GHG@DF_AIR_GHG(1.0),Air emissions - Greenhouse gas emissions Inventories,I,HRV,Croatia,A,Annual,GHG,Greenhouse gases,_T,Total emissions excluding LULUCF,KG_CO2E_PS,Kilogrammes of CO2-equivalent per person,2015,,5.916793,,A,Normal value,3,Thousands,,,,,2,Two,,
DATAFLOW,OECD.ENV.EPI:DSD_AIR_GHG@DF_AIR_GHG(1.0),Air emissions - Greenhouse gas emissions Inventories,I,CUB,Cuba,A,Annual,GHG,Greenhouse gases,_T,Total emissions excluding LULUCF,KG_CO2E_PS,Kilogrammes of CO2-equivalent per person,2015,,5.264931,,A,Normal value,3,Thousands,,,,,2,Two,,
DATAFLOW,OECD.ENV.EPI:DSD_AIR_GHG@DF_AIR_GHG(1.0),Air emissions - Greenhouse gas emissions Inventories,I,CYP,Cyprus,A,Annual,GHG,Greenhouse gases,_T,Total emissions excluding LULUCF,KG_CO2E_PS,Kilogrammes of CO2-equivalent per person,2015,,6.822128,,A,Normal value,3,Thousands,,,,,2,Two,,
DATAFLOW,OECD.ENV.EPI:DSD_AIR_GHG@DF_AIR_GHG(1.0),Air emissions - Greenhouse gas emissions Inventories,I,EGY,Egypt,A,Annual,GHG,Greenhouse gases,_T,Total emissions excluding LULUCF,KG_CO2E_PS,Kilogrammes of CO2-equivalent per person,2015,,3.355361,,A,Normal value,3,Thousands,,,,,2,Two,,
DATAFLOW,OECD.ENV.EPI:DSD_AIR_GHG@DF_AIR_GHG(1.0),Air emissions - Greenhouse gas emissions Inventories,I,GEO,Georgia,A,Annual,GHG,Greenhouse gases,_T,Total emissions excluding LULUCF,KG_CO2E_PS,Kilogrammes of CO2-equivalent per person,2015,,4.87484,,A,Normal value,3,Thousands,,,,,2,Two,,
DATAFLOW,OECD.ENV.EPI:DSD_AIR_GHG@DF_AIR_GHG(1.0),Air emissions - Greenhouse gas emissions Inventories,I,GHA,Ghana,A,Annual,GHG,Greenhouse gases,_T,Total emissions excluding LULUCF,KG_CO2E_PS,Kilogrammes of CO2-equivalent per person,2015,,1.141843,,A,Normal value,3,Thousands,,,,,2,Two,,
DATAFLOW,OECD.ENV.EPI:DSD_AIR_GHG@DF_AIR_GHG(1.0),Air emissions - Greenhouse gas emissions Inventories,I,GTM,Guatemala,A,Annual,GHG,Greenhouse gases,_T,Total emissions excluding LULUCF,KG_CO2E_PS,Kilogrammes of CO2-equivalent per person,2015,,1.855356,,A,Normal value,3,Thousands,,,,,2,Two,,
DATAFLOW,OECD.ENV.EPI:DSD_AIR_GHG@DF_AIR_GHG(1.0),Air emissions - Greenhouse gas emissions Inventories,I,GNB,Guinea-Bissau,A,Annual,GHG,Greenhouse gases,_T,Total emissions excluding LULUCF,KG_CO2E_PS,Kilogrammes of CO2-equivalent per person,2015,,0.7274069,,A,Normal value,3,Thousands,,,,,2,Two,,
DATAFLOW,OECD.ENV.EPI:DSD_AIR_GHG@DF_AIR_GHG(1.0),Air emissions - Greenhouse gas emissions Inventories,I,GUY,Guyana,A,Annual,GHG,Greenhouse gases,_T,Total emissions excluding LULUCF,KG_CO2E_PS,Kilogrammes of CO2-equivalent per person,2015,,6.085563,,A,Normal value,3,Thousands,,,,,2,Two,,
DATAFLOW,OECD.ENV.EPI:DSD_AIR_GHG@DF_AIR_GHG(1.0),Air emissions - Greenhouse gas emissions Inventories,I,VAT,Holy See,A,Annual,GHG,Greenhouse gases,_T,Total emissions excluding LULUCF,KG_CO2E_PS,Kilogrammes of CO2-equivalent per person,2015,,30.24434,,A,Normal value,3,Thousands,,,,,2,Two,,
DATAFLOW,OECD.ENV.EPI:DSD_AIR_GHG@DF_AIR_GHG(1.0),Air emissions - Greenhouse gas emissions Inventories,I,IDN,Indonesia,A,Annual,GHG,Greenhouse gases,_T,Total emissions excluding LULUCF,KG_CO2E_PS,Kilogrammes of CO2-equivalent per person,2015,,3.153344,,A,Normal value,3,Thousands,,,,,2,Two,,
DATAFLOW,OECD.ENV.EPI:DSD_AIR_GHG@DF_AIR_GHG(1.0),Air emissions - Greenhouse gas emissions Inventories,I,KAZ,Kazakhstan,A,Annual,GHG,Greenhouse gases,_T,Total emissions excluding LULUCF,KG_CO2E_PS,Kilogrammes of CO2-equivalent per person,2015,,20.38768,,A,Normal value,3,Thousands,,,,,2,Two,,
DATAFLOW,OECD.ENV.EPI:DSD_AIR_GHG@DF_AIR_GHG(1.0),Air emissions - Greenhouse gas emissions Inventories,I,KEN,Kenya,A,Annual,GHG,Greenhouse gases,_T,Total emissions excluding LULUCF,KG_CO2E_PS,Kilogrammes of CO2-equivalent per person,2015,,1.18458,,A,Normal value,3,Thousands,,,,,2,Two,,
DATAFLOW,OECD.ENV.EPI:DSD_AIR_GHG@DF_AIR_GHG(1.0),Air emissions - Greenhouse gas emissions Inventories,I,LIE,Liechtenstein,A,Annual,GHG,Greenhouse gases,_T,Total emissions excluding LULUCF,KG_CO2E_PS,Kilogrammes of CO2-equivalent per person,2015,,5.279607,,A,Normal value,3,Thousands,,,,,2,Two,,
DATAFLOW,OECD.ENV.EPI:DSD_AIR_GHG@DF_AIR_GHG(1.0),Air emissions - Greenhouse gas emissions Inventories,I,MYS,Malaysia,A,Annual,GHG,Greenhouse gases,_T,Total emissions excluding LULUCF,KG_CO2E_PS,Kilogrammes of CO2-equivalent per person,2015,,10.1734,,A,Normal value,3,Thousands,,,,,2,Two,,
DATAFLOW,OECD.ENV.EPI:DSD_AIR_GHG@DF_AIR_GHG(1.0),Air emissions - Greenhouse gas emissions Inventories,I,MDV,Maldives,A,Annual,GHG,Greenhouse gases,_T,Total emissions excluding LULUCF,KG_CO2E_PS,Kilogrammes of CO2-equivalent per person,2015,,3.612897,,A,Normal value,3,Thousands,,,,,2,Two,,
DATAFLOW,OECD.ENV.EPI:DSD_AIR_GHG@DF_AIR_GHG(1.0),Air emissions - Greenhouse gas emissions Inventories,I,MLT,Malta,A,Annual,GHG,Greenhouse gases,_T,Total emissions excluding LULUCF,KG_CO2E_PS,Kilogrammes of CO2-equivalent per person,2015,,4.82424,,A,Normal value,3,Thousands,,,,,2,Two,,
DATAFLOW,OECD.ENV.EPI:DSD_AIR_GHG@DF_AIR_GHG(1.0),Air emissions - Greenhouse gas emissions Inventories,I,MUS,Mauritius,A,Annual,GHG,Greenhouse gases,_T,Total emissions excluding LULUCF,KG_CO2E_PS,Kilogrammes of CO2-equivalent per person,2015,,4.04746,,A,Normal value,3,Thousands,,,,,2,Two,,
DATAFLOW,OECD.ENV.EPI:DSD_AIR_GHG@DF_AIR_GHG(1.0),Air emissions - Greenhouse gas emissions Inventories,I,MDA,Moldova,A,Annual,GHG,Greenhouse gases,_T,Total emissions excluding LULUCF,KG_CO2E_PS,Kilogrammes of CO2-equivalent per person,2015,,4.00439,,A,Normal value,3,Thousands,,,,,2,Two,,
DATAFLOW,OECD.ENV.EPI:DSD_AIR_GHG@DF_AIR_GHG(1.0),Air emissions - Greenhouse gas emissions Inventories,I,MCO,Monaco,A,Annual,GHG,Greenhouse gases,_T,Total emissions excluding LULUCF,KG_CO2E_PS,Kilogrammes of CO2-equivalent per person,2015,,2.395645,,A,Normal value,3,Thousands,,,,,2,Two,,
DATAFLOW,OECD.ENV.EPI:DSD_AIR_GHG@DF_AIR_GHG(1.0),Air emissions - Greenhouse gas emissions Inventories,I,NAM,Namibia,A,Annual,GHG,Greenhouse gases,_T,Total emissions excluding LULUCF,KG_CO2E_PS,Kilogrammes of CO2-equivalent per person,2015,,4.74826,,A,Normal value,3,Thousands,,,,,2,Two,,
DATAFLOW,OECD.ENV.EPI:DSD_AIR_GHG@DF_AIR_GHG(1.0),Air emissions - Greenhouse gas emissions Inventories,I,NPL,Nepal,A,Annual,GHG,Greenhouse gases,_T,Total emissions excluding LULUCF,KG_CO2E_PS,Kilogrammes of CO2-equivalent per person,2015,,1.539005,,A,Normal value,3,Thousands,,,,,2,Two,,
DATAFLOW,OECD.ENV.EPI:DSD_AIR_GHG@DF_AIR_GHG(1.0),Air emissions - Greenhouse gas emissions Inventories,I,NGA,Nigeria,A,Annual,GHG,Greenhouse gases,_T,Total emissions excluding LULUCF,KG_CO2E_PS,Kilogrammes of CO2-equivalent per person,2015,,1.524813,,A,Normal value,3,Thousands,,,,,2,Two,,
DATAFLOW,OECD.ENV.EPI:DSD_AIR_GHG@DF_AIR_GHG(1.0),Air emissions - Greenhouse gas emissions Inventories,I,PAN,Panama,A,Annual,GHG,Greenhouse gases,_T,Total emissions excluding LULUCF,KG_CO2E_PS,Kilogrammes of CO2-equivalent per person,2015,,4.493486,,A,Normal value,3,Thousands,,,,,2,Two,,
DATAFLOW,OECD.ENV.EPI:DSD_AIR_GHG@DF_AIR_GHG(1.0),Air emissions - Greenhouse gas emissions Inventories,I,ROU,Romania,A,Annual,GHG,Greenhouse gases,_T,Total emissions excluding LULUCF,KG_CO2E_PS,Kilogrammes of CO2-equivalent per person,2015,,5.878012,,A,Normal value,3,Thousands,,,,,2,Two,,
DATAFLOW,OECD.ENV.EPI:DSD_AIR_GHG@DF_AIR_GHG(1.0),Air emissions - Greenhouse gas emissions Inventories,I,RUS,Russia,A,Annual,GHG,Greenhouse gases,_T,Total emissions excluding LULUCF,KG_CO2E_PS,Kilogrammes of CO2-equivalent per person,2015,,13.54438,,A,Normal value,3,Thousands,,,,,2,Two,,
DATAFLOW,OECD.ENV.EPI:DSD_AIR_GHG@DF_AIR_GHG(1.0),Air emissions - Greenhouse gas emissions Inventories,I,SRB,Serbia,A,Annual,GHG,Greenhouse gases,_T,Total emissions excluding LULUCF,KG_CO2E_PS,Kilogrammes of CO2-equivalent per person,2015,,8.753469,,A,Normal value,3,Thousands,,,,,2,Two,,
DATAFLOW,OECD.ENV.EPI:DSD_AIR_GHG@DF_AIR_GHG(1.0),Air emissions - Greenhouse gas emissions Inventories,I,ZAF,South Africa,A,Annual,GHG,Greenhouse gases,_T,Total emissions excluding LULUCF,KG_CO2E_PS,Kilogrammes of CO2-equivalent per person,2015,,9.035033,,A,Normal value,3,Thousands,,,,,2,Two,,
DATAFLOW,OECD.ENV.EPI:DSD_AIR_GHG@DF_AIR_GHG(1.0),Air emissions - Greenhouse gas emissions Inventories,I,UKR,Ukraine,A,Annual,GHG,Greenhouse gases,_T,Total emissions excluding LULUCF,KG_CO2E_PS,Kilogrammes of CO2-equivalent per person,2015,,7.093762,,A,Normal value,3,Thousands,,,,,2,Two,,
DATAFLOW,OECD.ENV.EPI:DSD_AIR_GHG@DF_AIR_GHG(1.0),Air emissions - Greenhouse gas emissions Inventories,I,UZB,Uzbekistan,A,Annual,GHG,Greenhouse gases,_T,Total emissions excluding LULUCF,KG_CO2E_PS,Kilogrammes of CO2-equivalent per person,2015,,5.430871,,A,Normal value,3,Thousands,,,,,2,Two,,
DATAFLOW,OECD.ENV.EPI:DSD_AIR_GHG@DF_AIR_GHG(1.0),Air emissions - Greenhouse gas emissions Inventories,I,VEN,Venezuela,A,Annual,GHG,Greenhouse gases,_T,Total emissions excluding LULUCF,KG_CO2E_PS,Kilogrammes of CO2-equivalent per person,2015,,7.611277,,A,Normal value,3,Thousands,,,,,2,Two,,
DATAFLOW,OECD.ENV.EPI:DSD_AIR_GHG@DF_AIR_GHG(1.0),Air emissions - Greenhouse gas emissions Inventories,I,AUS,Australia,A,Annual,GHG,Greenhouse gases,_T,Total emissions excluding LULUCF,KG_CO2E_PS,Kilogrammes of CO2-equivalent per person,2018,,22.44748,,A,Normal value,3,Thousands,,,,,2,Two,,
DATAFLOW,OECD.ENV.EPI:DSD_AIR_GHG@DF_AIR_GHG(1.0),Air emissions - Greenhouse gas emissions Inventories,I,AUT,Austria,A,Annual,GHG,Greenhouse gases,_T,Total emissions excluding LULUCF,KG_CO2E_PS,Kilogrammes of CO2-equivalent per person,2018,,8.984918,,A,Normal value,3,Thousands,,,,,2,Two,,
DATAFLOW,OECD.ENV.EPI:DSD_AIR_GHG@DF_AIR_GHG(1.0),Air emissions - Greenhouse gas emissions Inventories,I,BEL,Belgium,A,Annual,GHG,Greenhouse gases,_T,Total emissions excluding LULUCF,KG_CO2E_PS,Kilogrammes of CO2-equivalent per person,2018,,10.26945,,A,Normal value,3,Thousands,,,,,2,Two,,
DATAFLOW,OECD.ENV.EPI:DSD_AIR_GHG@DF_AIR_GHG(1.0),Air emissions - Greenhouse gas emissions Inventories,I,CAN,Canada,A,Annual,GHG,Greenhouse gases,_T,Total emissions excluding LULUCF,KG_CO2E_PS,Kilogrammes of CO2-equivalent per person,2018,,20.0309,,A,Normal value,3,Thousands,,,,,2,Two,,
DATAFLOW,OECD.ENV.EPI:DSD_AIR_GHG@DF_AIR_GHG(1.0),Air emissions - Greenhouse gas emissions Inventories,I,CHL,Chile,A,Annual,GHG,Greenhouse gases,_T,Total emissions excluding LULUCF,KG_CO2E_PS,Kilogrammes of CO2-equivalent per person,2018,,5.672374,,A,Normal value,3,Thousands,,,,,2,Two,,
DATAFLOW,OECD.ENV.EPI:DSD_AIR_GHG@DF_AIR_GHG(1.0),Air emissions - Greenhouse gas emissions Inventories,I,COL,Colombia,A,Annual,GHG,Greenhouse gases,_T,Total emissions excluding LULUCF,KG_CO2E_PS,Kilogrammes of CO2-equivalent per person,2018,,3.619326,,A,Normal value,3,Thousands,,,,,2,Two,,
DATAFLOW,OECD.ENV.EPI:DSD_AIR_GHG@DF_AIR_GHG(1.0),Air emissions - Greenhouse gas emissions Inventories,I,CRI,Costa Rica,A,Annual,GHG,Greenhouse gases,_T,Total emissions excluding LULUCF,KG_CO2E_PS,Kilogrammes of CO2-equivalent per person,2018,,3.201005,,A,Normal value,3,Thousands,,,,,2,Two,,
DATAFLOW,OECD.ENV.EPI:DSD_AIR_GHG@DF_AIR_GHG(1.0),Air emissions - Greenhouse gas emissions Inventories,I,CZE,Czechia,A,Annual,GHG,Greenhouse gases,_T,Total emissions excluding LULUCF,KG_CO2E_PS,Kilogrammes of CO2-equivalent per person,2018,,11.98083,,A,Normal value,3,Thousands,,,,,2,Two,,
DATAFLOW,OECD.ENV.EPI:DSD_AIR_GHG@DF_AIR_GHG(1.0),Air emissions - Greenhouse gas emissions Inventories,I,DNK,Denmark,A,Annual,GHG,Greenhouse gases,_T,Total emissions excluding LULUCF,KG_CO2E_PS,Kilogrammes of CO2-equivalent per person,2018,,8.580415,,A,Normal value,3,Thousands,,,,,2,Two,,
DATAFLOW,OECD.ENV.EPI:DSD_AIR_GHG@DF_AIR_GHG(1.0),Air emissions - Greenhouse gas emissions Inventories,I,EST,Estonia,A,Annual,GHG,Greenhouse gases,_T,Total emissions excluding LULUCF,KG_CO2E_PS,Kilogrammes of CO2-equivalent per person,2018,,15.09539,,A,Normal value,3,Thousands,,,,,2,Two,,
DATAFLOW,OECD.ENV.EPI:DSD_AIR_GHG@DF_AIR_GHG(1.0),Air emissions - Greenhouse gas emissions Inventories,I,FIN,Finland,A,Annual,GHG,Greenhouse gases,_T,Total emissions excluding LULUCF,KG_CO2E_PS,Kilogrammes of CO2-equivalent per person,2018,,10.1648,,A,Normal value,3,Thousands,,,,,2,Two,,
DATAFLOW,OECD.ENV.EPI:DSD_AIR_GHG@DF_AIR_GHG(1.0),Air emissions - Greenhouse gas emissions Inventories,I,FRA,France,A,Annual,GHG,Greenhouse gases,_T,Total emissions excluding LULUCF,KG_CO2E_PS,Kilogrammes of CO2-equivalent per person,2018,,6.790996,,A,Normal value,3,Thousands,,,,,2,Two,,
DATAFLOW,OECD.ENV.EPI:DSD_AIR_GHG@DF_AIR_GHG(1.0),Air emissions - Greenhouse gas emissions Inventories,I,DEU,Germany,A,Annual,GHG,Greenhouse gases,_T,Total emissions excluding LULUCF,KG_CO2E_PS,Kilogrammes of CO2-equivalent per person,2018,,10.22998,,A,Normal value,3,Thousands,,,,,2,Two,,
DATAFLOW,OECD.ENV.EPI:DSD_AIR_GHG@DF_AIR_GHG(1.0),Air emissions - Greenhouse gas emissions Inventories,I,GRC,Greece,A,Annual,GHG,Greenhouse gases,_T,Total emissions excluding LULUCF,KG_CO2E_PS,Kilogrammes of CO2-equivalent per person,2018,,8.667607,,A,Normal value,3,Thousands,,,,,2,Two,,
DATAFLOW,OECD.ENV.EPI:DSD_AIR_GHG@DF_AIR_GHG(1.0),Air emissions - Greenhouse gas emissions Inventories,I,HUN,Hungary,A,Annual,GHG,Greenhouse gases,_T,Total emissions excluding LULUCF,KG_CO2E_PS,Kilogrammes of CO2-equivalent per person,2018,,6.668178,,A,Normal value,3,Thousands,,,,,2,Two,,
DATAFLOW,OECD.ENV.EPI:DSD_AIR_GHG@DF_AIR_GHG(1.0),Air emissions - Greenhouse gas emissions Inventories,I,ISL,Iceland,A,Annual,GHG,Greenhouse gases,_T,Total emissions excluding LULUCF,KG_CO2E_PS,Kilogrammes of CO2-equivalent per person,2018,,14.01085,,A,Normal value,3,Thousands,,,,,2,Two,,
DATAFLOW,OECD.ENV.EPI:DSD_AIR_GHG@DF_AIR_GHG(1.0),Air emissions - Greenhouse gas emissions Inventories,I,IRL,Ireland,A,Annual,GHG,Greenhouse gases,_T,Total emissions excluding LULUCF,KG_CO2E_PS,Kilogrammes of CO2-equivalent per person,2018,,12.64129,,A,Normal value,3,Thousands,,,,,2,Two,,
DATAFLOW,OECD.ENV.EPI:DSD_AIR_GHG@DF_AIR_GHG(1.0),Air emissions - Greenhouse gas emissions Inventories,I,ISR,Israel,A,Annual,GHG,Greenhouse gases,_T,Total emissions excluding LULUCF,KG_CO2E_PS,Kilogrammes of CO2-equivalent per person,2018,,9.462178,,A,Normal value,3,Thousands,,,,,2,Two,,
DATAFLOW,OECD.ENV.EPI:DSD_AIR_GHG@DF_AIR_GHG(1.0),Air emissions - Greenhouse gas emissions Inventories,I,ITA,Italy,A,Annual,GHG,Greenhouse gases,_T,Total emissions excluding LULUCF,KG_CO2E_PS,Kilogrammes of CO2-equivalent per person,2018,,7.105342,,A,Normal value,3,Thousands,,,,,2,Two,,
DATAFLOW,OECD.ENV.EPI:DSD_AIR_GHG@DF_AIR_GHG(1.0),Air emissions - Greenhouse gas emissions Inventories,I,JPN,Japan,A,Annual,GHG,Greenhouse gases,_T,Total emissions excluding LULUCF,KG_CO2E_PS,Kilogrammes of CO2-equivalent per person,2018,,9.639091,,A,Normal value,3,Thousands,,,,,2,Two,,
DATAFLOW,OECD.ENV.EPI:DSD_AIR_GHG@DF_AIR_GHG(1.0),Air emissions - Greenhouse gas emissions Inventories,I,KOR,Korea,A,Annual,GHG,Greenhouse gases,_T,Total emissions excluding LULUCF,KG_CO2E_PS,Kilogrammes of CO2-equivalent per person,2018,,15.17932,,A,Normal value,3,Thousands,,,,,2,Two,,
DATAFLOW,OECD.ENV.EPI:DSD_AIR_GHG@DF_AIR_GHG(1.0),Air emissions - Greenhouse gas emissions Inventories,I,LVA,Latvia,A,Annual,GHG,Greenhouse gases,_T,Total emissions excluding LULUCF,KG_CO2E_PS,Kilogrammes of CO2-equivalent per person,2018,,5.843408,,A,Normal value,3,Thousands,,,,,2,Two,,
DATAFLOW,OECD.ENV.EPI:DSD_AIR_GHG@DF_AIR_GHG(1.0),Air emissions - Greenhouse gas emissions Inventories,I,LTU,Lithuania,A,Annual,GHG,Greenhouse gases,_T,Total emissions excluding LULUCF,KG_CO2E_PS,Kilogrammes of CO2-equivalent per person,2018,,6.951449,,A,Normal value,3,Thousands,,,,,2,Two,,
DATAFLOW,OECD.ENV.EPI:DSD_AIR_GHG@DF_AIR_GHG(1.0),Air emissions - Greenhouse gas emissions Inventories,I,LUX,Luxembourg,A,Annual,GHG,Greenhouse gases,_T,Total emissions excluding LULUCF,KG_CO2E_PS,Kilogrammes of CO2-equivalent per person,2018,,17.40738,,A,Normal value,3,Thousands,,,,,2,Two,,
DATAFLOW,OECD.ENV.EPI:DSD_AIR_GHG@DF_AIR_GHG(1.0),Air emissions - Greenhouse gas emissions Inventories,I,MEX,Mexico,A,Annual,GHG,Greenhouse gases,_T,Total emissions excluding LULUCF,KG_CO2E_PS,Kilogrammes of CO2-equivalent per person,2018,,6.066408,,A,Normal value,3,Thousands,,,,,2,Two,,
DATAFLOW,OECD.ENV.EPI:DSD_AIR_GHG@DF_AIR_GHG(1.0),Air emissions - Greenhouse gas emissions Inventories,I,NLD,Netherlands,A,Annual,GHG,Greenhouse gases,_T,Total emissions excluding LULUCF,KG_CO2E_PS,Kilogrammes of CO2-equivalent per person,2018,,10.73006,,A,Normal value,3,Thousands,,,,,2,Two,,
DATAFLOW,OECD.ENV.EPI:DSD_AIR_GHG@DF_AIR_GHG(1.0),Air emissions - Greenhouse gas emissions Inventories,I,NZL,New Zealand,A,Annual,GHG,Greenhouse gases,_T,Total emissions excluding LULUCF,KG_CO2E_PS,Kilogrammes of CO2-equivalent per person,2018,,16.9124,,A,Normal value,3,Thousands,,,,,2,Two,,
DATAFLOW,OECD.ENV.EPI:DSD_AIR_GHG@DF_AIR_GHG(1.0),Air emissions - Greenhouse gas emissions Inventories,I,NOR,Norway,A,Annual,GHG,Greenhouse gases,_T,Total emissions excluding LULUCF,KG_CO2E_PS,Kilogrammes of CO2-equivalent per person,2018,,9.944004,,A,Normal value,3,Thousands,,,,,2,Two,,
DATAFLOW,OECD.ENV.EPI:DSD_AIR_GHG@DF_AIR_GHG(1.0),Air emissions - Greenhouse gas emissions Inventories,I,POL,Poland,A,Annual,GHG,Greenhouse gases,_T,Total emissions excluding LULUCF,KG_CO2E_PS,Kilogrammes of CO2-equivalent per person,2018,,10.67059,,A,Normal value,3,Thousands,,,,,2,Two,,
DATAFLOW,OECD.ENV.EPI:DSD_AIR_GHG@DF_AIR_GHG(1.0),Air emissions - Greenhouse gas emissions Inventories,I,PRT,Portugal,A,Annual,GHG,Greenhouse gases,_T,Total emissions excluding LULUCF,KG_CO2E_PS,Kilogrammes of CO2-equivalent per person,2018,,6.491846,,A,Normal value,3,Thousands,,,,,2,Two,,
DATAFLOW,OECD.ENV.EPI:DSD_AIR_GHG@DF_AIR_GHG(1.0),Air emissions - Greenhouse gas emissions Inventories,I,SVK,Slovak Republic,A,Annual,GHG,Greenhouse gases,_T,Total emissions excluding LULUCF,KG_CO2E_PS,Kilogrammes of CO2-equivalent per person,2018,,7.707138,,A,Normal value,3,Thousands,,,,,2,Two,,
DATAFLOW,OECD.ENV.EPI:DSD_AIR_GHG@DF_AIR_GHG(1.0),Air emissions - Greenhouse gas emissions Inventories,I,SVN,Slovenia,A,Annual,GHG,Greenhouse gases,_T,Total emissions excluding LULUCF,KG_CO2E_PS,Kilogrammes of CO2-equivalent per person,2018,,8.531396,,A,Normal value,3,Thousands,,,,,2,Two,,
DATAFLOW,OECD.ENV.EPI:DSD_AIR_GHG@DF_AIR_GHG(1.0),Air emissions - Greenhouse gas emissions Inventories,I,ESP,Spain,A,Annual,GHG,Greenhouse gases,_T,Total emissions excluding LULUCF,KG_CO2E_PS,Kilogrammes of CO2-equivalent per person,2018,,6.955995,,A,Normal value,3,Thousands,,,,,2,Two,,
DATAFLOW,OECD.ENV.EPI:DSD_AIR_GHG@DF_AIR_GHG(1.0),Air emissions - Greenhouse gas emissions Inventories,I,SWE,Sweden,A,Annual,GHG,Greenhouse gases,_T,Total emissions excluding LULUCF,KG_CO2E_PS,Kilogrammes of CO2-equivalent per person,2018,,5.05477,,A,Normal value,3,Thousands,,,,,2,Two,,
DATAFLOW,OECD.ENV.EPI:DSD_AIR_GHG@DF_AIR_GHG(1.0),Air emissions - Greenhouse gas emissions Inventories,I,CHE,Switzerland,A,Annual,GHG,Greenhouse gases,_T,Total emissions excluding LULUCF,KG_CO2E_PS,Kilogrammes of CO2-equivalent per person,2018,,5.508288,,A,Normal value,3,Thousands,,,,,2,Two,,
DATAFLOW,OECD.ENV.EPI:DSD_AIR_GHG@DF_AIR_GHG(1.0),Air emissions - Greenhouse gas emissions Inventories,I,TUR,Türkiye,A,Annual,GHG,Greenhouse gases,_T,Total emissions excluding LULUCF,KG_CO2E_PS,Kilogrammes of CO2-equivalent per person,2018,,6.275307,,A,Normal value,3,Thousands,,,,,2,Two,,
DATAFLOW,OECD.ENV.EPI:DSD_AIR_GHG@DF_AIR_GHG(1.0),Air emissions - Greenhouse gas emissions Inventories,I,GBR,United Kingdom,A,Annual,GHG,Greenhouse gases,_T,Total emissions excluding LULUCF,KG_CO2E_PS,Kilogrammes of CO2-equivalent per person,2018,,6.976843,,A,Normal value,3,Thousands,,,,,2,Two,,
DATAFLOW,OECD.ENV.EPI:DSD_AIR_GHG@DF_AIR_GHG(1.0),Air emissions - Greenhouse gas emissions Inventories,I,USA,United States,A,Annual,GHG,Greenhouse gases,_T,Total emissions excluding LULUCF,KG_CO2E_PS,Kilogrammes of CO2-equivalent per person,2018,,20.15406,,A,Normal value,3,Thousands,,,,,2,Two,,
DATAFLOW,OECD.ENV.EPI:DSD_AIR_GHG@DF_AIR_GHG(1.0),Air emissions - Greenhouse gas emissions Inventories,I,EU27_2020,European Union (27 countries from 01/02/2020),A,Annual,GHG,Greenhouse gases,_T,Total emissions excluding LULUCF,KG_CO2E_PS,Kilogrammes of CO2-equivalent per person,2018,,8.389686,,A,Normal value,3,Thousands,,,,,2,Two,,
DATAFLOW,OECD.ENV.EPI:DSD_AIR_GHG@DF_AIR_GHG(1.0),Air emissions - Greenhouse gas emissions Inventories,I,DZA,Algeria,A,Annual,GHG,Greenhouse gases,_T,Total emissions excluding LULUCF,KG_CO2E_PS,Kilogrammes of CO2-equivalent per person,2018,,5.262534,,A,Normal value,3,Thousands,,,,,2,Two,,
DATAFLOW,OECD.ENV.EPI:DSD_AIR_GHG@DF_AIR_GHG(1.0),Air emissions - Greenhouse gas emissions Inventories,I,ARG,Argentina,A,Annual,GHG,Greenhouse gases,_T,Total emissions excluding LULUCF,KG_CO2E_PS,Kilogrammes of CO2-equivalent per person,2018,,7.699173,,A,Normal value,3,Thousands,,,,,2,Two,,
DATAFLOW,OECD.ENV.EPI:DSD_AIR_GHG@DF_AIR_GHG(1.0),Air emissions - Greenhouse gas emissions Inventories,I,BLR,Belarus,A,Annual,GHG,Greenhouse gases,_T,Total emissions excluding LULUCF,KG_CO2E_PS,Kilogrammes of CO2-equivalent per person,2018,,9.746824,,A,Normal value,3,Thousands,,,,,2,Two,,
DATAFLOW,OECD.ENV.EPI:DSD_AIR_GHG@DF_AIR_GHG(1.0),Air emissions - Greenhouse gas emissions Inventories,I,BRA,Brazil,A,Annual,GHG,Greenhouse gases,_T,Total emissions excluding LULUCF,KG_CO2E_PS,Kilogrammes of CO2-equivalent per person,2018,,5.63276,,A,Normal value,3,Thousands,,,,,2,Two,,
DATAFLOW,OECD.ENV.EPI:DSD_AIR_GHG@DF_AIR_GHG(1.0),Air emissions - Greenhouse gas emissions Inventories,I,BRN,Brunei Darussalam,A,Annual,GHG,Greenhouse gases,_T,Total emissions excluding LULUCF,KG_CO2E_PS,Kilogrammes of CO2-equivalent per person,2018,,25.09908,,A,Normal value,3,Thousands,,,,,2,Two,,
DATAFLOW,OECD.ENV.EPI:DSD_AIR_GHG@DF_AIR_GHG(1.0),Air emissions - Greenhouse gas emissions Inventories,I,BGR,Bulgaria,A,Annual,GHG,Greenhouse gases,_T,Total emissions excluding LULUCF,KG_CO2E_PS,Kilogrammes of CO2-equivalent per person,2018,,7.861728,,A,Normal value,3,Thousands,,,,,2,Two,,
DATAFLOW,OECD.ENV.EPI:DSD_AIR_GHG@DF_AIR_GHG(1.0),Air emissions - Greenhouse gas emissions Inventories,I,CIV,Côte d’Ivoire,A,Annual,GHG,Greenhouse gases,_T,Total emissions excluding LULUCF,KG_CO2E_PS,Kilogrammes of CO2-equivalent per person,2018,,1.710556,,A,Normal value,3,Thousands,,,,,2,Two,,
DATAFLOW,OECD.ENV.EPI:DSD_AIR_GHG@DF_AIR_GHG(1.0),Air emissions - Greenhouse gas emissions Inventories,I,HRV,Croatia,A,Annual,GHG,Greenhouse gases,_T,Total emissions excluding LULUCF,KG_CO2E_PS,Kilogrammes of CO2-equivalent per person,2018,,6.123429,,A,Normal value,3,Thousands,,,,,2,Two,,
DATAFLOW,OECD.ENV.EPI:DSD_AIR_GHG@DF_AIR_GHG(1.0),Air emissions - Greenhouse gas emissions Inventories,I,CUB,Cuba,A,Annual,GHG,Greenhouse gases,_T,Total emissions excluding LULUCF,KG_CO2E_PS,Kilogrammes of CO2-equivalent per person,2018,,4.803382,,A,Normal value,3,Thousands,,,,,2,Two,,
DATAFLOW,OECD.ENV.EPI:DSD_AIR_GHG@DF_AIR_GHG(1.0),Air emissions - Greenhouse gas emissions Inventories,I,CYP,Cyprus,A,Annual,GHG,Greenhouse gases,_T,Total emissions excluding LULUCF,KG_CO2E_PS,Kilogrammes of CO2-equivalent per person,2018,,6.939748,,A,Normal value,3,Thousands,,,,,2,Two,,
DATAFLOW,OECD.ENV.EPI:DSD_AIR_GHG@DF_AIR_GHG(1.0),Air emissions - Greenhouse gas emissions Inventories,I,EGY,Egypt,A,Annual,GHG,Greenhouse gases,_T,Total emissions excluding LULUCF,KG_CO2E_PS,Kilogrammes of CO2-equivalent per person,2018,,3.463126,,A,Normal value,3,Thousands,,,,,2,Two,,
DATAFLOW,OECD.ENV.EPI:DSD_AIR_GHG@DF_AIR_GHG(1.0),Air emissions - Greenhouse gas emissions Inventories,I,GEO,Georgia,A,Annual,GHG,Greenhouse gases,_T,Total emissions excluding LULUCF,KG_CO2E_PS,Kilogrammes of CO2-equivalent per person,2018,,4.652597,,A,Normal value,3,Thousands,,,,,2,Two,,
DATAFLOW,OECD.ENV.EPI:DSD_AIR_GHG@DF_AIR_GHG(1.0),Air emissions - Greenhouse gas emissions Inventories,I,GHA,Ghana,A,Annual,GHG,Greenhouse gases,_T,Total emissions excluding LULUCF,KG_CO2E_PS,Kilogrammes of CO2-equivalent per person,2018,,1.312229,,A,Normal value,3,Thousands,,,,,2,Two,,
DATAFLOW,OECD.ENV.EPI:DSD_AIR_GHG@DF_AIR_GHG(1.0),Air emissions - Greenhouse gas emissions Inventories,I,GTM,Guatemala,A,Annual,GHG,Greenhouse gases,_T,Total emissions excluding LULUCF,KG_CO2E_PS,Kilogrammes of CO2-equivalent per person,2018,,1.868301,,A,Normal value,3,Thousands,,,,,2,Two,,
DATAFLOW,OECD.ENV.EPI:DSD_AIR_GHG@DF_AIR_GHG(1.0),Air emissions - Greenhouse gas emissions Inventories,I,GNB,Guinea-Bissau,A,Annual,GHG,Greenhouse gases,_T,Total emissions excluding LULUCF,KG_CO2E_PS,Kilogrammes of CO2-equivalent per person,2018,,0.6934381,,A,Normal value,3,Thousands,,,,,2,Two,,
DATAFLOW,OECD.ENV.EPI:DSD_AIR_GHG@DF_AIR_GHG(1.0),Air emissions - Greenhouse gas emissions Inventories,I,GUY,Guyana,A,Annual,GHG,Greenhouse gases,_T,Total emissions excluding LULUCF,KG_CO2E_PS,Kilogrammes of CO2-equivalent per person,2018,,6.167833,,A,Normal value,3,Thousands,,,,,2,Two,,
DATAFLOW,OECD.ENV.EPI:DSD_AIR_GHG@DF_AIR_GHG(1.0),Air emissions - Greenhouse gas emissions Inventories,I,VAT,Holy See,A,Annual,GHG,Greenhouse gases,_T,Total emissions excluding LULUCF,KG_CO2E_PS,Kilogrammes of CO2-equivalent per person,2018,,29.40696,,A,Normal value,3,Thousands,,,,,2,Two,,
DATAFLOW,OECD.ENV.EPI:DSD_AIR_GHG@DF_AIR_GHG(1.0),Air emissions - Greenhouse gas emissions Inventories,I,IDN,Indonesia,A,Annual,GHG,Greenhouse gases,_T,Total emissions excluding LULUCF,KG_CO2E_PS,Kilogrammes of CO2-equivalent per person,2018,,3.378282,,A,Normal value,3,Thousands,,,,,2,Two,,
DATAFLOW,OECD.ENV.EPI:DSD_AIR_GHG@DF_AIR_GHG(1.0),Air emissions - Greenhouse gas emissions Inventories,I,KAZ,Kazakhstan,A,Annual,GHG,Greenhouse gases,_T,Total emissions excluding LULUCF,KG_CO2E_PS,Kilogrammes of CO2-equivalent per person,2018,,21.34503,,A,Normal value,3,Thousands,,,,,2,Two,,
DATAFLOW,OECD.ENV.EPI:DSD_AIR_GHG@DF_AIR_GHG(1.0),Air emissions - Greenhouse gas emissions Inventories,I,KEN,Kenya,A,Annual,GHG,Greenhouse gases,_T,Total emissions excluding LULUCF,KG_CO2E_PS,Kilogrammes of CO2-equivalent per person,2018,,1.223337,,A,Normal value,3,Thousands,,,,,2,Two,,
DATAFLOW,OECD.ENV.EPI:DSD_AIR_GHG@DF_AIR_GHG(1.0),Air emissions - Greenhouse gas emissions Inventories,I,LIE,Liechtenstein,A,Annual,GHG,Greenhouse gases,_T,Total emissions excluding LULUCF,KG_CO2E_PS,Kilogrammes of CO2-equivalent per person,2018,,4.732372,,A,Normal value,3,Thousands,,,,,2,Two,,
DATAFLOW,OECD.ENV.EPI:DSD_AIR_GHG@DF_AIR_GHG(1.0),Air emissions - Greenhouse gas emissions Inventories,I,MYS,Malaysia,A,Annual,GHG,Greenhouse gases,_T,Total emissions excluding LULUCF,KG_CO2E_PS,Kilogrammes of CO2-equivalent per person,2018,,9.79379,,A,Normal value,3,Thousands,,,,,2,Two,,
DATAFLOW,OECD.ENV.EPI:DSD_AIR_GHG@DF_AIR_GHG(1.0),Air emissions - Greenhouse gas emissions Inventories,I,MDV,Maldives,A,Annual,GHG,Greenhouse gases,_T,Total emissions excluding LULUCF,KG_CO2E_PS,Kilogrammes of CO2-equivalent per person,2018,,4.197021,,A,Normal value,3,Thousands,,,,,2,Two,,
DATAFLOW,OECD.ENV.EPI:DSD_AIR_GHG@DF_AIR_GHG(1.0),Air emissions - Greenhouse gas emissions Inventories,I,MLT,Malta,A,Annual,GHG,Greenhouse gases,_T,Total emissions excluding LULUCF,KG_CO2E_PS,Kilogrammes of CO2-equivalent per person,2018,,4.165486,,A,Normal value,3,Thousands,,,,,2,Two,,
DATAFLOW,OECD.ENV.EPI:DSD_AIR_GHG@DF_AIR_GHG(1.0),Air emissions - Greenhouse gas emissions Inventories,I,MUS,Mauritius,A,Annual,GHG,Greenhouse gases,_T,Total emissions excluding LULUCF,KG_CO2E_PS,Kilogrammes of CO2-equivalent per person,2018,,4.478291,,A,Normal value,3,Thousands,,,,,2,Two,,
DATAFLOW,OECD.ENV.EPI:DSD_AIR_GHG@DF_AIR_GHG(1.0),Air emissions - Greenhouse gas emissions Inventories,I,MDA,Moldova,A,Annual,GHG,Greenhouse gases,_T,Total emissions excluding LULUCF,KG_CO2E_PS,Kilogrammes of CO2-equivalent per person,2018,,4.406259,,A,Normal value,3,Thousands,,,,,2,Two,,
DATAFLOW,OECD.ENV.EPI:DSD_AIR_GHG@DF_AIR_GHG(1.0),Air emissions - Greenhouse gas emissions Inventories,I,MCO,Monaco,A,Annual,GHG,Greenhouse gases,_T,Total emissions excluding LULUCF,KG_CO2E_PS,Kilogrammes of CO2-equivalent per person,2018,,2.261659,,A,Normal value,3,Thousands,,,,,2,Two,,
DATAFLOW,OECD.ENV.EPI:DSD_AIR_GHG@DF_AIR_GHG(1.0),Air emissions - Greenhouse gas emissions Inventories,I,MAR,Morocco,A,Annual,GHG,Greenhouse gases,_T,Total emissions excluding LULUCF,KG_CO2E_PS,Kilogrammes of CO2-equivalent per person,2018,,2.586243,,A,Normal value,3,Thousands,,,,,2,Two,,
DATAFLOW,OECD.ENV.EPI:DSD_AIR_GHG@DF_AIR_GHG(1.0),Air emissions - Greenhouse gas emissions Inventories,I,NAM,Namibia,A,Annual,GHG,Greenhouse gases,_T,Total emissions excluding LULUCF,KG_CO2E_PS,Kilogrammes of CO2-equivalent per person,2018,,4.198732,,A,Normal value,3,Thousands,,,,,2,Two,,
DATAFLOW,OECD.ENV.EPI:DSD_AIR_GHG@DF_AIR_GHG(1.0),Air emissions - Greenhouse gas emissions Inventories,I,NPL,Nepal,A,Annual,GHG,Greenhouse gases,_T,Total emissions excluding LULUCF,KG_CO2E_PS,Kilogrammes of CO2-equivalent per person,2018,,1.761065,,A,Normal value,3,Thousands,,,,,2,Two,,
DATAFLOW,OECD.ENV.EPI:DSD_AIR_GHG@DF_AIR_GHG(1.0),Air emissions - Greenhouse gas emissions Inventories,I,NGA,Nigeria,A,Annual,GHG,Greenhouse gases,_T,Total emissions excluding LULUCF,KG_CO2E_PS,Kilogrammes of CO2-equivalent per person,2018,,1.512795,,A,Normal value,3,Thousands,,,,,2,Two,,
DATAFLOW,OECD.ENV.EPI:DSD_AIR_GHG@DF_AIR_GHG(1.0),Air emissions - Greenhouse gas emissions Inventories,I,PAN,Panama,A,Annual,GHG,Greenhouse gases,_T,Total emissions excluding LULUCF,KG_CO2E_PS,Kilogrammes of CO2-equivalent per person,2018,,4.362435,,A,Normal value,3,Thousands,,,,,2,Two,,
DATAFLOW,OECD.ENV.EPI:DSD_AIR_GHG@DF_AIR_GHG(1.0),Air emissions - Greenhouse gas emissions Inventories,I,ROU,Romania,A,Annual,GHG,Greenhouse gases,_T,Total emissions excluding LULUCF,KG_CO2E_PS,Kilogrammes of CO2-equivalent per person,2018,,6.048876,,A,Normal value,3,Thousands,,,,,2,Two,,
DATAFLOW,OECD.ENV.EPI:DSD_AIR_GHG@DF_AIR_GHG(1.0),Air emissions - Greenhouse gas emissions Inventories,I,RUS,Russia,A,Annual,GHG,Greenhouse gases,_T,Total emissions excluding LULUCF,KG_CO2E_PS,Kilogrammes of CO2-equivalent per person,2018,,14.07665,,A,Normal value,3,Thousands,,,,,2,Two,,
DATAFLOW,OECD.ENV.EPI:DSD_AIR_GHG@DF_AIR_GHG(1.0),Air emissions - Greenhouse gas emissions Inventories,I,SRB,Serbia,A,Annual,GHG,Greenhouse gases,_T,Total emissions excluding LULUCF,KG_CO2E_PS,Kilogrammes of CO2-equivalent per person,2018,,9.022214,,A,Normal value,3,Thousands,,,,,2,Two,,
DATAFLOW,OECD.ENV.EPI:DSD_AIR_GHG@DF_AIR_GHG(1.0),Air emissions - Greenhouse gas emissions Inventories,I,ZAF,South Africa,A,Annual,GHG,Greenhouse gases,_T,Total emissions excluding LULUCF,KG_CO2E_PS,Kilogrammes of CO2-equivalent per person,2018,,8.537099,,A,Normal value,3,Thousands,,,,,2,Two,,
DATAFLOW,OECD.ENV.EPI:DSD_AIR_GHG@DF_AIR_GHG(1.0),Air emissions - Greenhouse gas emissions Inventories,I,UKR,Ukraine,A,Annual,GHG,Greenhouse gases,_T,Total emissions excluding LULUCF,KG_CO2E_PS,Kilogrammes of CO2-equivalent per person,2018,,7.631061,,A,Normal value,3,Thousands,,,,,2,Two,,
DATAFLOW,OECD.ENV.EPI:DSD_AIR_GHG@DF_AIR_GHG(1.0),Air emissions - Greenhouse gas emissions Inventories,I,UZB,Uzbekistan,A,Annual,GHG,Greenhouse gases,_T,Total emissions excluding LULUCF,KG_CO2E_PS,Kilogrammes of CO2-equivalent per person,2018,,5.80262,,A,Normal value,3,Thousands,,,,,2,Two,,
DATAFLOW,OECD.ENV.EPI:DSD_AIR_GHG@DF_AIR_GHG(1.0),Air emissions - Greenhouse gas emissions Inventories,I,VEN,Venezuela,A,Annual,GHG,Greenhouse gases,_T,Total emissions excluding LULUCF,KG_CO2E_PS,Kilogrammes of CO2-equivalent per person,2018,,6.191895,,A,Normal value,3,Thousands,,,,,2,Two,,
DATAFLOW,OECD.ENV.EPI:DSD_AIR_GHG@DF_AIR_GHG(1.0),Air emissions - Greenhouse gas emissions Inventories,I,AUS,Australia,A,Annual,GHG,Greenhouse gases,_T,Total emissions excluding LULUCF,KG_CO2E_PS,Kilogrammes of CO2-equivalent per person,2014,,22.74019,,A,Normal value,3,Thousands,,,,,2,Two,,
DATAFLOW,OECD.ENV.EPI:DSD_AIR_GHG@DF_AIR_GHG(1.0),Air emissions - Greenhouse gas emissions Inventories,I,AUT,Austria,A,Annual,GHG,Greenhouse gases,_T,Total emissions excluding LULUCF,KG_CO2E_PS,Kilogrammes of CO2-equivalent per person,2014,,9.033319,,A,Normal value,3,Thousands,,,,,2,Two,,
DATAFLOW,OECD.ENV.EPI:DSD_AIR_GHG@DF_AIR_GHG(1.0),Air emissions - Greenhouse gas emissions Inventories,I,BEL,Belgium,A,Annual,GHG,Greenhouse gases,_T,Total emissions excluding LULUCF,KG_CO2E_PS,Kilogrammes of CO2-equivalent per person,2014,,10.21425,,A,Normal value,3,Thousands,,,,,2,Two,,
DATAFLOW,OECD.ENV.EPI:DSD_AIR_GHG@DF_AIR_GHG(1.0),Air emissions - Greenhouse gas emissions Inventories,I,CAN,Canada,A,Annual,GHG,Greenhouse gases,_T,Total emissions excluding LULUCF,KG_CO2E_PS,Kilogrammes of CO2-equivalent per person,2014,,20.97687,,A,Normal value,3,Thousands,,,,,2,Two,,
DATAFLOW,OECD.ENV.EPI:DSD_AIR_GHG@DF_AIR_GHG(1.0),Air emissions - Greenhouse gas emissions Inventories,I,CHL,Chile,A,Annual,GHG,Greenhouse gases,_T,Total emissions excluding LULUCF,KG_CO2E_PS,Kilogrammes of CO2-equivalent per person,2014,,5.283227,,A,Normal value,3,Thousands,,,,,2,Two,,
DATAFLOW,OECD.ENV.EPI:DSD_AIR_GHG@DF_AIR_GHG(1.0),Air emissions - Greenhouse gas emissions Inventories,I,COL,Colombia,A,Annual,GHG,Greenhouse gases,_T,Total emissions excluding LULUCF,KG_CO2E_PS,Kilogrammes of CO2-equivalent per person,2014,,3.509622,,A,Normal value,3,Thousands,,,,,2,Two,,
DATAFLOW,OECD.ENV.EPI:DSD_AIR_GHG@DF_AIR_GHG(1.0),Air emissions - Greenhouse gas emissions Inventories,I,CRI,Costa Rica,A,Annual,GHG,Greenhouse gases,_T,Total emissions excluding LULUCF,KG_CO2E_PS,Kilogrammes of CO2-equivalent per person,2014,,2.905348,,A,Normal value,3,Thousands,,,,,2,Two,,
DATAFLOW,OECD.ENV.EPI:DSD_AIR_GHG@DF_AIR_GHG(1.0),Air emissions - Greenhouse gas emissions Inventories,I,CZE,Czechia,A,Annual,GHG,Greenhouse gases,_T,Total emissions excluding LULUCF,KG_CO2E_PS,Kilogrammes of CO2-equivalent per person,2014,,11.91482,,A,Normal value,3,Thousands,,,,,2,Two,,
DATAFLOW,OECD.ENV.EPI:DSD_AIR_GHG@DF_AIR_GHG(1.0),Air emissions - Greenhouse gas emissions Inventories,I,DNK,Denmark,A,Annual,GHG,Greenhouse gases,_T,Total emissions excluding LULUCF,KG_CO2E_PS,Kilogrammes of CO2-equivalent per person,2014,,9.377474,,A,Normal value,3,Thousands,,,,,2,Two,,
DATAFLOW,OECD.ENV.EPI:DSD_AIR_GHG@DF_AIR_GHG(1.0),Air emissions - Greenhouse gas emissions Inventories,I,EST,Estonia,A,Annual,GHG,Greenhouse gases,_T,Total emissions excluding LULUCF,KG_CO2E_PS,Kilogrammes of CO2-equivalent per person,2014,,15.96656,,A,Normal value,3,Thousands,,,,,2,Two,,
DATAFLOW,OECD.ENV.EPI:DSD_AIR_GHG@DF_AIR_GHG(1.0),Air emissions - Greenhouse gas emissions Inventories,I,FIN,Finland,A,Annual,GHG,Greenhouse gases,_T,Total emissions excluding LULUCF,KG_CO2E_PS,Kilogrammes of CO2-equivalent per person,2014,,10.7283,,A,Normal value,3,Thousands,,,,,2,Two,,
DATAFLOW,OECD.ENV.EPI:DSD_AIR_GHG@DF_AIR_GHG(1.0),Air emissions - Greenhouse gas emissions Inventories,I,FRA,France,A,Annual,GHG,Greenhouse gases,_T,Total emissions excluding LULUCF,KG_CO2E_PS,Kilogrammes of CO2-equivalent per person,2014,,7.046576,,A,Normal value,3,Thousands,,,,,2,Two,,
DATAFLOW,OECD.ENV.EPI:DSD_AIR_GHG@DF_AIR_GHG(1.0),Air emissions - Greenhouse gas emissions Inventories,I,DEU,Germany,A,Annual,GHG,Greenhouse gases,_T,Total emissions excluding LULUCF,KG_CO2E_PS,Kilogrammes of CO2-equivalent per person,2014,,10.98049,,A,Normal value,3,Thousands,,,,,2,Two,,
DATAFLOW,OECD.ENV.EPI:DSD_AIR_GHG@DF_AIR_GHG(1.0),Air emissions - Greenhouse gas emissions Inventories,I,GRC,Greece,A,Annual,GHG,Greenhouse gases,_T,Total emissions excluding LULUCF,KG_CO2E_PS,Kilogrammes of CO2-equivalent per person,2014,,9.174307,,A,Normal value,3,Thousands,,,,,2,Two,,
DATAFLOW,OECD.ENV.EPI:DSD_AIR_GHG@DF_AIR_GHG(1.0),Air emissions - Greenhouse gas emissions Inventories,I,HUN,Hungary,A,Annual,GHG,Greenhouse gases,_T,Total emissions excluding LULUCF,KG_CO2E_PS,Kilogrammes of CO2-equivalent per person,2014,,6.00465,,A,Normal value,3,Thousands,,,,,2,Two,,
DATAFLOW,OECD.ENV.EPI:DSD_AIR_GHG@DF_AIR_GHG(1.0),Air emissions - Greenhouse gas emissions Inventories,I,ISL,Iceland,A,Annual,GHG,Greenhouse gases,_T,Total emissions excluding LULUCF,KG_CO2E_PS,Kilogrammes of CO2-equivalent per person,2014,,14.53881,,A,Normal value,3,Thousands,,,,,2,Two,,
DATAFLOW,OECD.ENV.EPI:DSD_AIR_GHG@DF_AIR_GHG(1.0),Air emissions - Greenhouse gas emissions Inventories,I,IRL,Ireland,A,Annual,GHG,Greenhouse gases,_T,Total emissions excluding LULUCF,KG_CO2E_PS,Kilogrammes of CO2-equivalent per person,2014,,12.47143,,A,Normal value,3,Thousands,,,,,2,Two,,
DATAFLOW,OECD.ENV.EPI:DSD_AIR_GHG@DF_AIR_GHG(1.0),Air emissions - Greenhouse gas emissions Inventories,I,ISR,Israel,A,Annual,GHG,Greenhouse gases,_T,Total emissions excluding LULUCF,KG_CO2E_PS,Kilogrammes of CO2-equivalent per person,2014,,9.856149,,A,Normal value,3,Thousands,,,,,2,Two,,
DATAFLOW,OECD.ENV.EPI:DSD_AIR_GHG@DF_AIR_GHG(1.0),Air emissions - Greenhouse gas emissions Inventories,I,ITA,Italy,A,Annual,GHG,Greenhouse gases,_T,Total emissions excluding LULUCF,KG_CO2E_PS,Kilogrammes of CO2-equivalent per person,2014,,7.120819,,A,Normal value,3,Thousands,,,,,2,Two,,
DATAFLOW,OECD.ENV.EPI:DSD_AIR_GHG@DF_AIR_GHG(1.0),Air emissions - Greenhouse gas emissions Inventories,I,JPN,Japan,A,Annual,GHG,Greenhouse gases,_T,Total emissions excluding LULUCF,KG_CO2E_PS,Kilogrammes of CO2-equivalent per person,2014,,10.5282,,A,Normal value,3,Thousands,,,,,2,Two,,
DATAFLOW,OECD.ENV.EPI:DSD_AIR_GHG@DF_AIR_GHG(1.0),Air emissions - Greenhouse gas emissions Inventories,I,KOR,Korea,A,Annual,GHG,Greenhouse gases,_T,Total emissions excluding LULUCF,KG_CO2E_PS,Kilogrammes of CO2-equivalent per person,2014,,14.33164,,A,Normal value,3,Thousands,,,,,2,Two,,
DATAFLOW,OECD.ENV.EPI:DSD_AIR_GHG@DF_AIR_GHG(1.0),Air emissions - Greenhouse gas emissions Inventories,I,LVA,Latvia,A,Annual,GHG,Greenhouse gases,_T,Total emissions excluding LULUCF,KG_CO2E_PS,Kilogrammes of CO2-equivalent per person,2014,,5.373127,,A,Normal value,3,Thousands,,,,,2,Two,,
DATAFLOW,OECD.ENV.EPI:DSD_AIR_GHG@DF_AIR_GHG(1.0),Air emissions - Greenhouse gas emissions Inventories,I,LTU,Lithuania,A,Annual,GHG,Greenhouse gases,_T,Total emissions excluding LULUCF,KG_CO2E_PS,Kilogrammes of CO2-equivalent per person,2014,,6.594755,,A,Normal value,3,Thousands,,,,,2,Two,,
DATAFLOW,OECD.ENV.EPI:DSD_AIR_GHG@DF_AIR_GHG(1.0),Air emissions - Greenhouse gas emissions Inventories,I,LUX,Luxembourg,A,Annual,GHG,Greenhouse gases,_T,Total emissions excluding LULUCF,KG_CO2E_PS,Kilogrammes of CO2-equivalent per person,2014,,19.4309,,A,Normal value,3,Thousands,,,,,2,Two,,
DATAFLOW,OECD.ENV.EPI:DSD_AIR_GHG@DF_AIR_GHG(1.0),Air emissions - Greenhouse gas emissions Inventories,I,MEX,Mexico,A,Annual,GHG,Greenhouse gases,_T,Total emissions excluding LULUCF,KG_CO2E_PS,Kilogrammes of CO2-equivalent per person,2014,,6.141273,,A,Normal value,3,Thousands,,,,,2,Two,,
DATAFLOW,OECD.ENV.EPI:DSD_AIR_GHG@DF_AIR_GHG(1.0),Air emissions - Greenhouse gas emissions Inventories,I,NLD,Netherlands,A,Annual,GHG,Greenhouse gases,_T,Total emissions excluding LULUCF,KG_CO2E_PS,Kilogrammes of CO2-equivalent per person,2014,,10.9876,,A,Normal value,3,Thousands,,,,,2,Two,,
DATAFLOW,OECD.ENV.EPI:DSD_AIR_GHG@DF_AIR_GHG(1.0),Air emissions - Greenhouse gas emissions Inventories,I,NZL,New Zealand,A,Annual,GHG,Greenhouse gases,_T,Total emissions excluding LULUCF,KG_CO2E_PS,Kilogrammes of CO2-equivalent per person,2014,,18.4279,,A,Normal value,3,Thousands,,,,,2,Two,,
DATAFLOW,OECD.ENV.EPI:DSD_AIR_GHG@DF_AIR_GHG(1.0),Air emissions - Greenhouse gas emissions Inventories,I,NOR,Norway,A,Annual,GHG,Greenhouse gases,_T,Total emissions excluding LULUCF,KG_CO2E_PS,Kilogrammes of CO2-equivalent per person,2014,,10.45206,,A,Normal value,3,Thousands,,,,,2,Two,,
DATAFLOW,OECD.ENV.EPI:DSD_AIR_GHG@DF_AIR_GHG(1.0),Air emissions - Greenhouse gas emissions Inventories,I,POL,Poland,A,Annual,GHG,Greenhouse gases,_T,Total emissions excluding LULUCF,KG_CO2E_PS,Kilogrammes of CO2-equivalent per person,2014,,9.929695,,A,Normal value,3,Thousands,,,,,2,Two,,
DATAFLOW,OECD.ENV.EPI:DSD_AIR_GHG@DF_AIR_GHG(1.0),Air emissions - Greenhouse gas emissions Inventories,I,PRT,Portugal,A,Annual,GHG,Greenhouse gases,_T,Total emissions excluding LULUCF,KG_CO2E_PS,Kilogrammes of CO2-equivalent per person,2014,,6.078352,,A,Normal value,3,Thousands,,,,,2,Two,,
DATAFLOW,OECD.ENV.EPI:DSD_AIR_GHG@DF_AIR_GHG(1.0),Air emissions - Greenhouse gas emissions Inventories,I,SVK,Slovak Republic,A,Annual,GHG,Greenhouse gases,_T,Total emissions excluding LULUCF,KG_CO2E_PS,Kilogrammes of CO2-equivalent per person,2014,,7.319902,,A,Normal value,3,Thousands,,,,,2,Two,,
DATAFLOW,OECD.ENV.EPI:DSD_AIR_GHG@DF_AIR_GHG(1.0),Air emissions - Greenhouse gas emissions Inventories,I,SVN,Slovenia,A,Annual,GHG,Greenhouse gases,_T,Total emissions excluding LULUCF,KG_CO2E_PS,Kilogrammes of CO2-equivalent per person,2014,,8.093888,,A,Normal value,3,Thousands,,,,,2,Two,,
DATAFLOW,OECD.ENV.EPI:DSD_AIR_GHG@DF_AIR_GHG(1.0),Air emissions - Greenhouse gas emissions Inventories,I,ESP,Spain,A,Annual,GHG,Greenhouse gases,_T,Total emissions excluding LULUCF,KG_CO2E_PS,Kilogrammes of CO2-equivalent per person,2014,,6.857054,,A,Normal value,3,Thousands,,,,,2,Two,,
DATAFLOW,OECD.ENV.EPI:DSD_AIR_GHG@DF_AIR_GHG(1.0),Air emissions - Greenhouse gas emissions Inventories,I,SWE,Sweden,A,Annual,GHG,Greenhouse gases,_T,Total emissions excluding LULUCF,KG_CO2E_PS,Kilogrammes of CO2-equivalent per person,2014,,5.515628,,A,Normal value,3,Thousands,,,,,2,Two,,
DATAFLOW,OECD.ENV.EPI:DSD_AIR_GHG@DF_AIR_GHG(1.0),Air emissions - Greenhouse gas emissions Inventories,I,CHE,Switzerland,A,Annual,GHG,Greenhouse gases,_T,Total emissions excluding LULUCF,KG_CO2E_PS,Kilogrammes of CO2-equivalent per person,2014,,6.044053,,A,Normal value,3,Thousands,,,,,2,Two,,
DATAFLOW,OECD.ENV.EPI:DSD_AIR_GHG@DF_AIR_GHG(1.0),Air emissions - Greenhouse gas emissions Inventories,I,TUR,Türkiye,A,Annual,GHG,Greenhouse gases,_T,Total emissions excluding LULUCF,KG_CO2E_PS,Kilogrammes of CO2-equivalent per person,2014,,5.997226,,A,Normal value,3,Thousands,,,,,2,Two,,
DATAFLOW,OECD.ENV.EPI:DSD_AIR_GHG@DF_AIR_GHG(1.0),Air emissions - Greenhouse gas emissions Inventories,I,GBR,United Kingdom,A,Annual,GHG,Greenhouse gases,_T,Total emissions excluding LULUCF,KG_CO2E_PS,Kilogrammes of CO2-equivalent per person,2014,,8.215401,,A,Normal value,3,Thousands,,,,,2,Two,,
DATAFLOW,OECD.ENV.EPI:DSD_AIR_GHG@DF_AIR_GHG(1.0),Air emissions - Greenhouse gas emissions Inventories,I,USA,United States,A,Annual,GHG,Greenhouse gases,_T,Total emissions excluding LULUCF,KG_CO2E_PS,Kilogrammes of CO2-equivalent per person,2014,,21.37271,,A,Normal value,3,Thousands,,,,,2,Two,,
DATAFLOW,OECD.ENV.EPI:DSD_AIR_GHG@DF_AIR_GHG(1.0),Air emissions - Greenhouse gas emissions Inventories,I,EU27_2020,European Union (27 countries from 01/02/2020),A,Annual,GHG,Greenhouse gases,_T,Total emissions excluding LULUCF,KG_CO2E_PS,Kilogrammes of CO2-equivalent per person,2014,,8.488961,,A,Normal value,3,Thousands,,,,,2,Two,,
DATAFLOW,OECD.ENV.EPI:DSD_AIR_GHG@DF_AIR_GHG(1.0),Air emissions - Greenhouse gas emissions Inventories,I,DZA,Algeria,A,Annual,GHG,Greenhouse gases,_T,Total emissions excluding LULUCF,KG_CO2E_PS,Kilogrammes of CO2-equivalent per person,2014,,5.151576,,A,Normal value,3,Thousands,,,,,2,Two,,
DATAFLOW,OECD.ENV.EPI:DSD_AIR_GHG@DF_AIR_GHG(1.0),Air emissions - Greenhouse gas emissions Inventories,I,ARG,Argentina,A,Annual,GHG,Greenhouse gases,_T,Total emissions excluding LULUCF,KG_CO2E_PS,Kilogrammes of CO2-equivalent per person,2014,,7.848993,,A,Normal value,3,Thousands,,,,,2,Two,,
DATAFLOW,OECD.ENV.EPI:DSD_AIR_GHG@DF_AIR_GHG(1.0),Air emissions - Greenhouse gas emissions Inventories,I,BLR,Belarus,A,Annual,GHG,Greenhouse gases,_T,Total emissions excluding LULUCF,KG_CO2E_PS,Kilogrammes of CO2-equivalent per person,2014,,9.893406,,A,Normal value,3,Thousands,,,,,2,Two,,
DATAFLOW,OECD.ENV.EPI:DSD_AIR_GHG@DF_AIR_GHG(1.0),Air emissions - Greenhouse gas emissions Inventories,I,BRA,Brazil,A,Annual,GHG,Greenhouse gases,_T,Total emissions excluding LULUCF,KG_CO2E_PS,Kilogrammes of CO2-equivalent per person,2014,,6.026185,,A,Normal value,3,Thousands,,,,,2,Two,,
DATAFLOW,OECD.ENV.EPI:DSD_AIR_GHG@DF_AIR_GHG(1.0),Air emissions - Greenhouse gas emissions Inventories,I,BRN,Brunei Darussalam,A,Annual,GHG,Greenhouse gases,_T,Total emissions excluding LULUCF,KG_CO2E_PS,Kilogrammes of CO2-equivalent per person,2014,,27.43803,,A,Normal value,3,Thousands,,,,,2,Two,,
DATAFLOW,OECD.ENV.EPI:DSD_AIR_GHG@DF_AIR_GHG(1.0),Air emissions - Greenhouse gas emissions Inventories,I,BGR,Bulgaria,A,Annual,GHG,Greenhouse gases,_T,Total emissions excluding LULUCF,KG_CO2E_PS,Kilogrammes of CO2-equivalent per person,2014,,7.927114,,A,Normal value,3,Thousands,,,,,2,Two,,
DATAFLOW,OECD.ENV.EPI:DSD_AIR_GHG@DF_AIR_GHG(1.0),Air emissions - Greenhouse gas emissions Inventories,I,CIV,Côte d’Ivoire,A,Annual,GHG,Greenhouse gases,_T,Total emissions excluding LULUCF,KG_CO2E_PS,Kilogrammes of CO2-equivalent per person,2014,,1.577156,,A,Normal value,3,Thousands,,,,,2,Two,,
DATAFLOW,OECD.ENV.EPI:DSD_AIR_GHG@DF_AIR_GHG(1.0),Air emissions - Greenhouse gas emissions Inventories,I,HRV,Croatia,A,Annual,GHG,Greenhouse gases,_T,Total emissions excluding LULUCF,KG_CO2E_PS,Kilogrammes of CO2-equivalent per person,2014,,5.758433,,A,Normal value,3,Thousands,,,,,2,Two,,
DATAFLOW,OECD.ENV.EPI:DSD_AIR_GHG@DF_AIR_GHG(1.0),Air emissions - Greenhouse gas emissions Inventories,I,CUB,Cuba,A,Annual,GHG,Greenhouse gases,_T,Total emissions excluding LULUCF,KG_CO2E_PS,Kilogrammes of CO2-equivalent per person,2014,,5.227796,,A,Normal value,3,Thousands,,,,,2,Two,,
DATAFLOW,OECD.ENV.EPI:DSD_AIR_GHG@DF_AIR_GHG(1.0),Air emissions - Greenhouse gas emissions Inventories,I,CYP,Cyprus,A,Annual,GHG,Greenhouse gases,_T,Total emissions excluding LULUCF,KG_CO2E_PS,Kilogrammes of CO2-equivalent per person,2014,,6.882424,,A,Normal value,3,Thousands,,,,,2,Two,,
DATAFLOW,OECD.ENV.EPI:DSD_AIR_GHG@DF_AIR_GHG(1.0),Air emissions - Greenhouse gas emissions Inventories,I,EGY,Egypt,A,Annual,GHG,Greenhouse gases,_T,Total emissions excluding LULUCF,KG_CO2E_PS,Kilogrammes of CO2-equivalent per person,2014,,3.07912,,A,Normal value,3,Thousands,,,,,2,Two,,
DATAFLOW,OECD.ENV.EPI:DSD_AIR_GHG@DF_AIR_GHG(1.0),Air emissions - Greenhouse gas emissions Inventories,I,GEO,Georgia,A,Annual,GHG,Greenhouse gases,_T,Total emissions excluding LULUCF,KG_CO2E_PS,Kilogrammes of CO2-equivalent per person,2014,,4.477543,,A,Normal value,3,Thousands,,,,,2,Two,,
DATAFLOW,OECD.ENV.EPI:DSD_AIR_GHG@DF_AIR_GHG(1.0),Air emissions - Greenhouse gas emissions Inventories,I,GHA,Ghana,A,Annual,GHG,Greenhouse gases,_T,Total emissions excluding LULUCF,KG_CO2E_PS,Kilogrammes of CO2-equivalent per person,2014,,1.128611,,A,Normal value,3,Thousands,,,,,2,Two,,
DATAFLOW,OECD.ENV.EPI:DSD_AIR_GHG@DF_AIR_GHG(1.0),Air emissions - Greenhouse gas emissions Inventories,I,GTM,Guatemala,A,Annual,GHG,Greenhouse gases,_T,Total emissions excluding LULUCF,KG_CO2E_PS,Kilogrammes of CO2-equivalent per person,2014,,1.703142,,A,Normal value,3,Thousands,,,,,2,Two,,
DATAFLOW,OECD.ENV.EPI:DSD_AIR_GHG@DF_AIR_GHG(1.0),Air emissions - Greenhouse gas emissions Inventories,I,GNB,Guinea-Bissau,A,Annual,GHG,Greenhouse gases,_T,Total emissions excluding LULUCF,KG_CO2E_PS,Kilogrammes of CO2-equivalent per person,2014,,0.6962806,,A,Normal value,3,Thousands,,,,,2,Two,,
DATAFLOW,OECD.ENV.EPI:DSD_AIR_GHG@DF_AIR_GHG(1.0),Air emissions - Greenhouse gas emissions Inventories,I,GUY,Guyana,A,Annual,GHG,Greenhouse gases,_T,Total emissions excluding LULUCF,KG_CO2E_PS,Kilogrammes of CO2-equivalent per person,2014,,6.078437,,A,Normal value,3,Thousands,,,,,2,Two,,
DATAFLOW,OECD.ENV.EPI:DSD_AIR_GHG@DF_AIR_GHG(1.0),Air emissions - Greenhouse gas emissions Inventories,I,VAT,Holy See,A,Annual,GHG,Greenhouse gases,_T,Total emissions excluding LULUCF,KG_CO2E_PS,Kilogrammes of CO2-equivalent per person,2014,,30.32221,,A,Normal value,3,Thousands,,,,,2,Two,,
DATAFLOW,OECD.ENV.EPI:DSD_AIR_GHG@DF_AIR_GHG(1.0),Air emissions - Greenhouse gas emissions Inventories,I,IDN,Indonesia,A,Annual,GHG,Greenhouse gases,_T,Total emissions excluding LULUCF,KG_CO2E_PS,Kilogrammes of CO2-equivalent per person,2014,,3.069394,,A,Normal value,3,Thousands,,,,,2,Two,,
DATAFLOW,OECD.ENV.EPI:DSD_AIR_GHG@DF_AIR_GHG(1.0),Air emissions - Greenhouse gas emissions Inventories,I,KAZ,Kazakhstan,A,Annual,GHG,Greenhouse gases,_T,Total emissions excluding LULUCF,KG_CO2E_PS,Kilogrammes of CO2-equivalent per person,2014,,20.52191,,A,Normal value,3,Thousands,,,,,2,Two,,
DATAFLOW,OECD.ENV.EPI:DSD_AIR_GHG@DF_AIR_GHG(1.0),Air emissions - Greenhouse gas emissions Inventories,I,KEN,Kenya,A,Annual,GHG,Greenhouse gases,_T,Total emissions excluding LULUCF,KG_CO2E_PS,Kilogrammes of CO2-equivalent per person,2014,,1.147807,,A,Normal value,3,Thousands,,,,,2,Two,,
DATAFLOW,OECD.ENV.EPI:DSD_AIR_GHG@DF_AIR_GHG(1.0),Air emissions - Greenhouse gas emissions Inventories,I,LIE,Liechtenstein,A,Annual,GHG,Greenhouse gases,_T,Total emissions excluding LULUCF,KG_CO2E_PS,Kilogrammes of CO2-equivalent per person,2014,,5.356115,,A,Normal value,3,Thousands,,,,,2,Two,,
DATAFLOW,OECD.ENV.EPI:DSD_AIR_GHG@DF_AIR_GHG(1.0),Air emissions - Greenhouse gas emissions Inventories,I,MYS,Malaysia,A,Annual,GHG,Greenhouse gases,_T,Total emissions excluding LULUCF,KG_CO2E_PS,Kilogrammes of CO2-equivalent per person,2014,,10.23582,,A,Normal value,3,Thousands,,,,,2,Two,,
DATAFLOW,OECD.ENV.EPI:DSD_AIR_GHG@DF_AIR_GHG(1.0),Air emissions - Greenhouse gas emissions Inventories,I,MDV,Maldives,A,Annual,GHG,Greenhouse gases,_T,Total emissions excluding LULUCF,KG_CO2E_PS,Kilogrammes of CO2-equivalent per person,2014,,3.68893,,A,Normal value,3,Thousands,,,,,2,Two,,
DATAFLOW,OECD.ENV.EPI:DSD_AIR_GHG@DF_AIR_GHG(1.0),Air emissions - Greenhouse gas emissions Inventories,I,MLT,Malta,A,Annual,GHG,Greenhouse gases,_T,Total emissions excluding LULUCF,KG_CO2E_PS,Kilogrammes of CO2-equivalent per person,2014,,6.549833,,A,Normal value,3,Thousands,,,,,2,Two,,
DATAFLOW,OECD.ENV.EPI:DSD_AIR_GHG@DF_AIR_GHG(1.0),Air emissions - Greenhouse gas emissions Inventories,I,MUS,Mauritius,A,Annual,GHG,Greenhouse gases,_T,Total emissions excluding LULUCF,KG_CO2E_PS,Kilogrammes of CO2-equivalent per person,2014,,4.015156,,A,Normal value,3,Thousands,,,,,2,Two,,
DATAFLOW,OECD.ENV.EPI:DSD_AIR_GHG@DF_AIR_GHG(1.0),Air emissions - Greenhouse gas emissions Inventories,I,MDA,Moldova,A,Annual,GHG,Greenhouse gases,_T,Total emissions excluding LULUCF,KG_CO2E_PS,Kilogrammes of CO2-equivalent per person,2014,,3.968441,,A,Normal value,3,Thousands,,,,,2,Two,,
DATAFLOW,OECD.ENV.EPI:DSD_AIR_GHG@DF_AIR_GHG(1.0),Air emissions - Greenhouse gas emissions Inventories,I,MCO,Monaco,A,Annual,GHG,Greenhouse gases,_T,Total emissions excluding LULUCF,KG_CO2E_PS,Kilogrammes of CO2-equivalent per person,2014,,2.346737,,A,Normal value,3,Thousands,,,,,2,Two,,
DATAFLOW,OECD.ENV.EPI:DSD_AIR_GHG@DF_AIR_GHG(1.0),Air emissions - Greenhouse gas emissions Inventories,I,MAR,Morocco,A,Annual,GHG,Greenhouse gases,_T,Total emissions excluding LULUCF,KG_CO2E_PS,Kilogrammes of CO2-equivalent per person,2014,,2.459603,,A,Normal value,3,Thousands,,,,,2,Two,,
DATAFLOW,OECD.ENV.EPI:DSD_AIR_GHG@DF_AIR_GHG(1.0),Air emissions - Greenhouse gas emissions Inventories,I,NAM,Namibia,A,Annual,GHG,Greenhouse gases,_T,Total emissions excluding LULUCF,KG_CO2E_PS,Kilogrammes of CO2-equivalent per person,2014,,4.751163,,A,Normal value,3,Thousands,,,,,2,Two,,
DATAFLOW,OECD.ENV.EPI:DSD_AIR_GHG@DF_AIR_GHG(1.0),Air emissions - Greenhouse gas emissions Inventories,I,NPL,Nepal,A,Annual,GHG,Greenhouse gases,_T,Total emissions excluding LULUCF,KG_CO2E_PS,Kilogrammes of CO2-equivalent per person,2014,,1.496792,,A,Normal value,3,Thousands,,,,,2,Two,,
DATAFLOW,OECD.ENV.EPI:DSD_AIR_GHG@DF_AIR_GHG(1.0),Air emissions - Greenhouse gas emissions Inventories,I,NGA,Nigeria,A,Annual,GHG,Greenhouse gases,_T,Total emissions excluding LULUCF,KG_CO2E_PS,Kilogrammes of CO2-equivalent per person,2014,,1.563994,,A,Normal value,3,Thousands,,,,,2,Two,,
DATAFLOW,OECD.ENV.EPI:DSD_AIR_GHG@DF_AIR_GHG(1.0),Air emissions - Greenhouse gas emissions Inventories,I,PAN,Panama,A,Annual,GHG,Greenhouse gases,_T,Total emissions excluding LULUCF,KG_CO2E_PS,Kilogrammes of CO2-equivalent per person,2014,,4.204799,,A,Normal value,3,Thousands,,,,,2,Two,,
DATAFLOW,OECD.ENV.EPI:DSD_AIR_GHG@DF_AIR_GHG(1.0),Air emissions - Greenhouse gas emissions Inventories,I,ROU,Romania,A,Annual,GHG,Greenhouse gases,_T,Total emissions excluding LULUCF,KG_CO2E_PS,Kilogrammes of CO2-equivalent per person,2014,,5.914941,,A,Normal value,3,Thousands,,,,,2,Two,,
DATAFLOW,OECD.ENV.EPI:DSD_AIR_GHG@DF_AIR_GHG(1.0),Air emissions - Greenhouse gas emissions Inventories,I,RUS,Russia,A,Annual,GHG,Greenhouse gases,_T,Total emissions excluding LULUCF,KG_CO2E_PS,Kilogrammes of CO2-equivalent per person,2014,,13.6596,,A,Normal value,3,Thousands,,,,,2,Two,,
DATAFLOW,OECD.ENV.EPI:DSD_AIR_GHG@DF_AIR_GHG(1.0),Air emissions - Greenhouse gas emissions Inventories,I,SRB,Serbia,A,Annual,GHG,Greenhouse gases,_T,Total emissions excluding LULUCF,KG_CO2E_PS,Kilogrammes of CO2-equivalent per person,2014,,7.617867,,A,Normal value,3,Thousands,,,,,2,Two,,
DATAFLOW,OECD.ENV.EPI:DSD_AIR_GHG@DF_AIR_GHG(1.0),Air emissions - Greenhouse gas emissions Inventories,I,ZAF,South Africa,A,Annual,GHG,Greenhouse gases,_T,Total emissions excluding LULUCF,KG_CO2E_PS,Kilogrammes of CO2-equivalent per person,2014,,9.387836,,A,Normal value,3,Thousands,,,,,2,Two,,
DATAFLOW,OECD.ENV.EPI:DSD_AIR_GHG@DF_AIR_GHG(1.0),Air emissions - Greenhouse gas emissions Inventories,I,UKR,Ukraine,A,Annual,GHG,Greenhouse gases,_T,Total emissions excluding LULUCF,KG_CO2E_PS,Kilogrammes of CO2-equivalent per person,2014,,8.028714,,A,Normal value,3,Thousands,,,,,2,Two,,
DATAFLOW,OECD.ENV.EPI:DSD_AIR_GHG@DF_AIR_GHG(1.0),Air emissions - Greenhouse gas emissions Inventories,I,UZB,Uzbekistan,A,Annual,GHG,Greenhouse gases,_T,Total emissions excluding LULUCF,KG_CO2E_PS,Kilogrammes of CO2-equivalent per person,2014,,5.650603,,A,Normal value,3,Thousands,,,,,2,Two,,
DATAFLOW,OECD.ENV.EPI:DSD_AIR_GHG@DF_AIR_GHG(1.0),Air emissions - Greenhouse gas emissions Inventories,I,VEN,Venezuela,A,Annual,GHG,Greenhouse gases,_T,Total emissions excluding LULUCF,KG_CO2E_PS,Kilogrammes of CO2-equivalent per person,2014,,8.367807,,A,Normal value,3,Thousands,,,,,2,Two,,
DATAFLOW,OECD.ENV.EPI:DSD_AIR_GHG@DF_AIR_GHG(1.0),Air emissions - Greenhouse gas emissions Inventories,I,AUS,Australia,A,Annual,GHG,Greenhouse gases,_T,Total emissions excluding LULUCF,KG_CO2E_PS,Kilogrammes of CO2-equivalent per person,2022,,19.98485,,A,Normal value,3,Thousands,,,,,2,Two,,
DATAFLOW,OECD.ENV.EPI:DSD_AIR_GHG@DF_AIR_GHG(1.0),Air emissions - Greenhouse gas emissions Inventories,I,AUT,Austria,A,Annual,GHG,Greenhouse gases,_T,Total emissions excluding LULUCF,KG_CO2E_PS,Kilogrammes of CO2-equivalent per person,2022,,8.110068,,A,Normal value,3,Thousands,,,,,2,Two,,
DATAFLOW,OECD.ENV.EPI:DSD_AIR_GHG@DF_AIR_GHG(1.0),Air emissions - Greenhouse gas emissions Inventories,I,BEL,Belgium,A,Annual,GHG,Greenhouse gases,_T,Total emissions excluding LULUCF,KG_CO2E_PS,Kilogrammes of CO2-equivalent per person,2022,,8.845402,,A,Normal value,3,Thousands,,,,,2,Two,,
DATAFLOW,OECD.ENV.EPI:DSD_AIR_GHG@DF_AIR_GHG(1.0),Air emissions - Greenhouse gas emissions Inventories,I,CAN,Canada,A,Annual,GHG,Greenhouse gases,_T,Total emissions excluding LULUCF,KG_CO2E_PS,Kilogrammes of CO2-equivalent per person,2022,,18.02878,,A,Normal value,3,Thousands,,,,,2,Two,,
DATAFLOW,OECD.ENV.EPI:DSD_AIR_GHG@DF_AIR_GHG(1.0),Air emissions - Greenhouse gas emissions Inventories,I,CHL,Chile,A,Annual,GHG,Greenhouse gases,_T,Total emissions excluding LULUCF,KG_CO2E_PS,Kilogrammes of CO2-equivalent per person,2022,,5.679356,,A,Normal value,3,Thousands,,,,,2,Two,,
DATAFLOW,OECD.ENV.EPI:DSD_AIR_GHG@DF_AIR_GHG(1.0),Air emissions - Greenhouse gas emissions Inventories,I,CZE,Czechia,A,Annual,GHG,Greenhouse gases,_T,Total emissions excluding LULUCF,KG_CO2E_PS,Kilogrammes of CO2-equivalent per person,2022,,10.72959,,A,Normal value,3,Thousands,,,,,2,Two,,
DATAFLOW,OECD.ENV.EPI:DSD_AIR_GHG@DF_AIR_GHG(1.0),Air emissions - Greenhouse gas emissions Inventories,I,DNK,Denmark,A,Annual,GHG,Greenhouse gases,_T,Total emissions excluding LULUCF,KG_CO2E_PS,Kilogrammes of CO2-equivalent per person,2022,,7.198875,,A,Normal value,3,Thousands,,,,,2,Two,,
DATAFLOW,OECD.ENV.EPI:DSD_AIR_GHG@DF_AIR_GHG(1.0),Air emissions - Greenhouse gas emissions Inventories,I,EST,Estonia,A,Annual,GHG,Greenhouse gases,_T,Total emissions excluding LULUCF,KG_CO2E_PS,Kilogrammes of CO2-equivalent per person,2022,,10.48012,,A,Normal value,3,Thousands,,,,,2,Two,,
DATAFLOW,OECD.ENV.EPI:DSD_AIR_GHG@DF_AIR_GHG(1.0),Air emissions - Greenhouse gas emissions Inventories,I,FIN,Finland,A,Annual,GHG,Greenhouse gases,_T,Total emissions excluding LULUCF,KG_CO2E_PS,Kilogrammes of CO2-equivalent per person,2022,,8.196082,,A,Normal value,3,Thousands,,,,,2,Two,,
DATAFLOW,OECD.ENV.EPI:DSD_AIR_GHG@DF_AIR_GHG(1.0),Air emissions - Greenhouse gas emissions Inventories,I,FRA,France,A,Annual,GHG,Greenhouse gases,_T,Total emissions excluding LULUCF,KG_CO2E_PS,Kilogrammes of CO2-equivalent per person,2022,,6.074304,,A,Normal value,3,Thousands,,,,,2,Two,,
DATAFLOW,OECD.ENV.EPI:DSD_AIR_GHG@DF_AIR_GHG(1.0),Air emissions - Greenhouse gas emissions Inventories,I,DEU,Germany,A,Annual,GHG,Greenhouse gases,_T,Total emissions excluding LULUCF,KG_CO2E_PS,Kilogrammes of CO2-equivalent per person,2022,,8.905058,,A,Normal value,3,Thousands,,,,,2,Two,,
DATAFLOW,OECD.ENV.EPI:DSD_AIR_GHG@DF_AIR_GHG(1.0),Air emissions - Greenhouse gas emissions Inventories,I,GRC,Greece,A,Annual,GHG,Greenhouse gases,_T,Total emissions excluding LULUCF,KG_CO2E_PS,Kilogrammes of CO2-equivalent per person,2022,,7.468909,,A,Normal value,3,Thousands,,,,,2,Two,,
DATAFLOW,OECD.ENV.EPI:DSD_AIR_GHG@DF_AIR_GHG(1.0),Air emissions - Greenhouse gas emissions Inventories,I,HUN,Hungary,A,Annual,GHG,Greenhouse gases,_T,Total emissions excluding LULUCF,KG_CO2E_PS,Kilogrammes of CO2-equivalent per person,2022,,6.167502,,A,Normal value,3,Thousands,,,,,2,Two,,
DATAFLOW,OECD.ENV.EPI:DSD_AIR_GHG@DF_AIR_GHG(1.0),Air emissions - Greenhouse gas emissions Inventories,I,ISL,Iceland,A,Annual,GHG,Greenhouse gases,_T,Total emissions excluding LULUCF,KG_CO2E_PS,Kilogrammes of CO2-equivalent per person,2022,,12.57169,,A,Normal value,3,Thousands,,,,,2,Two,,
DATAFLOW,OECD.ENV.EPI:DSD_AIR_GHG@DF_AIR_GHG(1.0),Air emissions - Greenhouse gas emissions Inventories,I,IRL,Ireland,A,Annual,GHG,Greenhouse gases,_T,Total emissions excluding LULUCF,KG_CO2E_PS,Kilogrammes of CO2-equivalent per person,2022,,11.53821,,A,Normal value,3,Thousands,,,,,2,Two,,
DATAFLOW,OECD.ENV.EPI:DSD_AIR_GHG@DF_AIR_GHG(1.0),Air emissions - Greenhouse gas emissions Inventories,I,ISR,Israel,A,Annual,GHG,Greenhouse gases,_T,Total emissions excluding LULUCF,KG_CO2E_PS,Kilogrammes of CO2-equivalent per person,2022,,8.966853,,A,Normal value,3,Thousands,,,,,2,Two,,
DATAFLOW,OECD.ENV.EPI:DSD_AIR_GHG@DF_AIR_GHG(1.0),Air emissions - Greenhouse gas emissions Inventories,I,ITA,Italy,A,Annual,GHG,Greenhouse gases,_T,Total emissions excluding LULUCF,KG_CO2E_PS,Kilogrammes of CO2-equivalent per person,2022,,6.91256,,A,Normal value,3,Thousands,,,,,2,Two,,
DATAFLOW,OECD.ENV.EPI:DSD_AIR_GHG@DF_AIR_GHG(1.0),Air emissions - Greenhouse gas emissions Inventories,I,JPN,Japan,A,Annual,GHG,Greenhouse gases,_T,Total emissions excluding LULUCF,KG_CO2E_PS,Kilogrammes of CO2-equivalent per person,2022,,8.91251,,A,Normal value,3,Thousands,,,,,2,Two,,
DATAFLOW,OECD.ENV.EPI:DSD_AIR_GHG@DF_AIR_GHG(1.0),Air emissions - Greenhouse gas emissions Inventories,I,KOR,Korea,A,Annual,GHG,Greenhouse gases,_T,Total emissions excluding LULUCF,KG_CO2E_PS,Kilogrammes of CO2-equivalent per person,2022,,13.98723,,A,Normal value,3,Thousands,,,,,2,Two,,
DATAFLOW,OECD.ENV.EPI:DSD_AIR_GHG@DF_AIR_GHG(1.0),Air emissions - Greenhouse gas emissions Inventories,I,LVA,Latvia,A,Annual,GHG,Greenhouse gases,_T,Total emissions excluding LULUCF,KG_CO2E_PS,Kilogrammes of CO2-equivalent per person,2022,,5.372667,,A,Normal value,3,Thousands,,,,,2,Two,,
DATAFLOW,OECD.ENV.EPI:DSD_AIR_GHG@DF_AIR_GHG(1.0),Air emissions - Greenhouse gas emissions Inventories,I,LTU,Lithuania,A,Annual,GHG,Greenhouse gases,_T,Total emissions excluding LULUCF,KG_CO2E_PS,Kilogrammes of CO2-equivalent per person,2022,,6.529821,,A,Normal value,3,Thousands,,,,,2,Two,,
DATAFLOW,OECD.ENV.EPI:DSD_AIR_GHG@DF_AIR_GHG(1.0),Air emissions - Greenhouse gas emissions Inventories,I,LUX,Luxembourg,A,Annual,GHG,Greenhouse gases,_T,Total emissions excluding LULUCF,KG_CO2E_PS,Kilogrammes of CO2-equivalent per person,2022,,12.57329,,A,Normal value,3,Thousands,,,,,2,Two,,
DATAFLOW,OECD.ENV.EPI:DSD_AIR_GHG@DF_AIR_GHG(1.0),Air emissions - Greenhouse gas emissions Inventories,I,MEX,Mexico,A,Annual,GHG,Greenhouse gases,_T,Total emissions excluding LULUCF,KG_CO2E_PS,Kilogrammes of CO2-equivalent per person,2022,,5.919702,,A,Normal value,3,Thousands,,,,,2,Two,,
DATAFLOW,OECD.ENV.EPI:DSD_AIR_GHG@DF_AIR_GHG(1.0),Air emissions - Greenhouse gas emissions Inventories,I,NLD,Netherlands,A,Annual,GHG,Greenhouse gases,_T,Total emissions excluding LULUCF,KG_CO2E_PS,Kilogrammes of CO2-equivalent per person,2022,,8.550703,,A,Normal value,3,Thousands,,,,,2,Two,,
DATAFLOW,OECD.ENV.EPI:DSD_AIR_GHG@DF_AIR_GHG(1.0),Air emissions - Greenhouse gas emissions Inventories,I,NZL,New Zealand,A,Annual,GHG,Greenhouse gases,_T,Total emissions excluding LULUCF,KG_CO2E_PS,Kilogrammes of CO2-equivalent per person,2022,,15.19625,,A,Normal value,3,Thousands,,,,,2,Two,,
DATAFLOW,OECD.ENV.EPI:DSD_AIR_GHG@DF_AIR_GHG(1.0),Air emissions - Greenhouse gas emissions Inventories,I,NOR,Norway,A,Annual,GHG,Greenhouse gases,_T,Total emissions excluding LULUCF,KG_CO2E_PS,Kilogrammes of CO2-equivalent per person,2022,,8.954423,,A,Normal value,3,Thousands,,,,,2,Two,,
DATAFLOW,OECD.ENV.EPI:DSD_AIR_GHG@DF_AIR_GHG(1.0),Air emissions - Greenhouse gas emissions Inventories,I,POL,Poland,A,Annual,GHG,Greenhouse gases,_T,Total emissions excluding LULUCF,KG_CO2E_PS,Kilogrammes of CO2-equivalent per person,2022,,9.91145,,A,Normal value,3,Thousands,,,,,2,Two,,
DATAFLOW,OECD.ENV.EPI:DSD_AIR_GHG@DF_AIR_GHG(1.0),Air emissions - Greenhouse gas emissions Inventories,I,PRT,Portugal,A,Annual,GHG,Greenhouse gases,_T,Total emissions excluding LULUCF,KG_CO2E_PS,Kilogrammes of CO2-equivalent per person,2022,,5.402277,,A,Normal value,3,Thousands,,,,,2,Two,,
DATAFLOW,OECD.ENV.EPI:DSD_AIR_GHG@DF_AIR_GHG(1.0),Air emissions - Greenhouse gas emissions Inventories,I,SVK,Slovak Republic,A,Annual,GHG,Greenhouse gases,_T,Total emissions excluding LULUCF,KG_CO2E_PS,Kilogrammes of CO2-equivalent per person,2022,,6.731154,,A,Normal value,3,Thousands,,,,,2,Two,,
DATAFLOW,OECD.ENV.EPI:DSD_AIR_GHG@DF_AIR_GHG(1.0),Air emissions - Greenhouse gas emissions Inventories,I,SVN,Slovenia,A,Annual,GHG,Greenhouse gases,_T,Total emissions excluding LULUCF,KG_CO2E_PS,Kilogrammes of CO2-equivalent per person,2022,,7.355082,,A,Normal value,3,Thousands,,,,,2,Two,,
DATAFLOW,OECD.ENV.EPI:DSD_AIR_GHG@DF_AIR_GHG(1.0),Air emissions - Greenhouse gas emissions Inventories,I,ESP,Spain,A,Annual,GHG,Greenhouse gases,_T,Total emissions excluding LULUCF,KG_CO2E_PS,Kilogrammes of CO2-equivalent per person,2022,,6.111369,,A,Normal value,3,Thousands,,,,,2,Two,,
DATAFLOW,OECD.ENV.EPI:DSD_AIR_GHG@DF_AIR_GHG(1.0),Air emissions - Greenhouse gas emissions Inventories,I,SWE,Sweden,A,Annual,GHG,Greenhouse gases,_T,Total emissions excluding LULUCF,KG_CO2E_PS,Kilogrammes of CO2-equivalent per person,2022,,4.214768,,A,Normal value,3,Thousands,,,,,2,Two,,
DATAFLOW,OECD.ENV.EPI:DSD_AIR_GHG@DF_AIR_GHG(1.0),Air emissions - Greenhouse gas emissions Inventories,I,CHE,Switzerland,A,Annual,GHG,Greenhouse gases,_T,Total emissions excluding LULUCF,KG_CO2E_PS,Kilogrammes of CO2-equivalent per person,2022,,4.754273,,A,Normal value,3,Thousands,,,,,2,Two,,
DATAFLOW,OECD.ENV.EPI:DSD_AIR_GHG@DF_AIR_GHG(1.0),Air emissions - Greenhouse gas emissions Inventories,I,TUR,Türkiye,A,Annual,GHG,Greenhouse gases,_T,Total emissions excluding LULUCF,KG_CO2E_PS,Kilogrammes of CO2-equivalent per person,2022,,6.434767,,A,Normal value,3,Thousands,,,,,2,Two,,
DATAFLOW,OECD.ENV.EPI:DSD_AIR_GHG@DF_AIR_GHG(1.0),Air emissions - Greenhouse gas emissions Inventories,I,GBR,United Kingdom,A,Annual,GHG,Greenhouse gases,_T,Total emissions excluding LULUCF,KG_CO2E_PS,Kilogrammes of CO2-equivalent per person,2022,,5.954677,,A,Normal value,3,Thousands,,,,,2,Two,,
DATAFLOW,OECD.ENV.EPI:DSD_AIR_GHG@DF_AIR_GHG(1.0),Air emissions - Greenhouse gas emissions Inventories,I,USA,United States,A,Annual,GHG,Greenhouse gases,_T,Total emissions excluding LULUCF,KG_CO2E_PS,Kilogrammes of CO2-equivalent per person,2022,,18.5727,,A,Normal value,3,Thousands,,,,,2,Two,,
DATAFLOW,OECD.ENV.EPI:DSD_AIR_GHG@DF_AIR_GHG(1.0),Air emissions - Greenhouse gas emissions Inventories,I,EU27_2020,European Union (27 countries from 01/02/2020),A,Annual,GHG,Greenhouse gases,_T,Total emissions excluding LULUCF,KG_CO2E_PS,Kilogrammes of CO2-equivalent per person,2022,,7.507871,,A,Normal value,3,Thousands,,,,,2,Two,,
DATAFLOW,OECD.ENV.EPI:DSD_AIR_GHG@DF_AIR_GHG(1.0),Air emissions - Greenhouse gas emissions Inventories,I,DZA,Algeria,A,Annual,GHG,Greenhouse gases,_T,Total emissions excluding LULUCF,KG_CO2E_PS,Kilogrammes of CO2-equivalent per person,2022,,5.281784,,A,Normal value,3,Thousands,,,,,2,Two,,
DATAFLOW,OECD.ENV.EPI:DSD_AIR_GHG@DF_AIR_GHG(1.0),Air emissions - Greenhouse gas emissions Inventories,I,ARG,Argentina,A,Annual,GHG,Greenhouse gases,_T,Total emissions excluding LULUCF,KG_CO2E_PS,Kilogrammes of CO2-equivalent per person,2022,,7.697249,,A,Normal value,3,Thousands,,,,,2,Two,,
DATAFLOW,OECD.ENV.EPI:DSD_AIR_GHG@DF_AIR_GHG(1.0),Air emissions - Greenhouse gas emissions Inventories,I,AZE,Azerbaijan,A,Annual,GHG,Greenhouse gases,_T,Total emissions excluding LULUCF,KG_CO2E_PS,Kilogrammes of CO2-equivalent per person,2022,,7.256195,,A,Normal value,3,Thousands,,,,,2,Two,,
DATAFLOW,OECD.ENV.EPI:DSD_AIR_GHG@DF_AIR_GHG(1.0),Air emissions - Greenhouse gas emissions Inventories,I,BLR,Belarus,A,Annual,GHG,Greenhouse gases,_T,Total emissions excluding LULUCF,KG_CO2E_PS,Kilogrammes of CO2-equivalent per person,2022,,9.631652,,A,Normal value,3,Thousands,,,,,2,Two,,
DATAFLOW,OECD.ENV.EPI:DSD_AIR_GHG@DF_AIR_GHG(1.0),Air emissions - Greenhouse gas emissions Inventories,I,BTN,Bhutan,A,Annual,GHG,Greenhouse gases,_T,Total emissions excluding LULUCF,KG_CO2E_PS,Kilogrammes of CO2-equivalent per person,2022,,1.790353,,A,Normal value,3,Thousands,,,,,2,Two,,
DATAFLOW,OECD.ENV.EPI:DSD_AIR_GHG@DF_AIR_GHG(1.0),Air emissions - Greenhouse gas emissions Inventories,I,BRA,Brazil,A,Annual,GHG,Greenhouse gases,_T,Total emissions excluding LULUCF,KG_CO2E_PS,Kilogrammes of CO2-equivalent per person,2022,,5.865453,,A,Normal value,3,Thousands,,,,,2,Two,,
DATAFLOW,OECD.ENV.EPI:DSD_AIR_GHG@DF_AIR_GHG(1.0),Air emissions - Greenhouse gas emissions Inventories,I,BRN,Brunei Darussalam,A,Annual,GHG,Greenhouse gases,_T,Total emissions excluding LULUCF,KG_CO2E_PS,Kilogrammes of CO2-equivalent per person,2022,,29.67097,,A,Normal value,3,Thousands,,,,,2,Two,,
DATAFLOW,OECD.ENV.EPI:DSD_AIR_GHG@DF_AIR_GHG(1.0),Air emissions - Greenhouse gas emissions Inventories,I,BGR,Bulgaria,A,Annual,GHG,Greenhouse gases,_T,Total emissions excluding LULUCF,KG_CO2E_PS,Kilogrammes of CO2-equivalent per person,2022,,8.555132,,A,Normal value,3,Thousands,,,,,2,Two,,
DATAFLOW,OECD.ENV.EPI:DSD_AIR_GHG@DF_AIR_GHG(1.0),Air emissions - Greenhouse gas emissions Inventories,I,CIV,Côte d’Ivoire,A,Annual,GHG,Greenhouse gases,_T,Total emissions excluding LULUCF,KG_CO2E_PS,Kilogrammes of CO2-equivalent per person,2022,,2.695429,,A,Normal value,3,Thousands,,,,,2,Two,,
DATAFLOW,OECD.ENV.EPI:DSD_AIR_GHG@DF_AIR_GHG(1.0),Air emissions - Greenhouse gas emissions Inventories,I,HRV,Croatia,A,Annual,GHG,Greenhouse gases,_T,Total emissions excluding LULUCF,KG_CO2E_PS,Kilogrammes of CO2-equivalent per person,2022,,6.276711,,A,Normal value,3,Thousands,,,,,2,Two,,
DATAFLOW,OECD.ENV.EPI:DSD_AIR_GHG@DF_AIR_GHG(1.0),Air emissions - Greenhouse gas emissions Inventories,I,CUB,Cuba,A,Annual,GHG,Greenhouse gases,_T,Total emissions excluding LULUCF,KG_CO2E_PS,Kilogrammes of CO2-equivalent per person,2022,,4.466265,,A,Normal value,3,Thousands,,,,,2,Two,,
DATAFLOW,OECD.ENV.EPI:DSD_AIR_GHG@DF_AIR_GHG(1.0),Air emissions - Greenhouse gas emissions Inventories,I,CYP,Cyprus,A,Annual,GHG,Greenhouse gases,_T,Total emissions excluding LULUCF,KG_CO2E_PS,Kilogrammes of CO2-equivalent per person,2022,,6.261792,,A,Normal value,3,Thousands,,,,,2,Two,,
DATAFLOW,OECD.ENV.EPI:DSD_AIR_GHG@DF_AIR_GHG(1.0),Air emissions - Greenhouse gas emissions Inventories,I,EGY,Egypt,A,Annual,GHG,Greenhouse gases,_T,Total emissions excluding LULUCF,KG_CO2E_PS,Kilogrammes of CO2-equivalent per person,2022,,3.429381,,A,Normal value,3,Thousands,,,,,2,Two,,
DATAFLOW,OECD.ENV.EPI:DSD_AIR_GHG@DF_AIR_GHG(1.0),Air emissions - Greenhouse gas emissions Inventories,I,GEO,Georgia,A,Annual,GHG,Greenhouse gases,_T,Total emissions excluding LULUCF,KG_CO2E_PS,Kilogrammes of CO2-equivalent per person,2022,,5.296077,,A,Normal value,3,Thousands,,,,,2,Two,,
DATAFLOW,OECD.ENV.EPI:DSD_AIR_GHG@DF_AIR_GHG(1.0),Air emissions - Greenhouse gas emissions Inventories,I,GHA,Ghana,A,Annual,GHG,Greenhouse gases,_T,Total emissions excluding LULUCF,KG_CO2E_PS,Kilogrammes of CO2-equivalent per person,2022,,1.446825,,A,Normal value,3,Thousands,,,,,2,Two,,
DATAFLOW,OECD.ENV.EPI:DSD_AIR_GHG@DF_AIR_GHG(1.0),Air emissions - Greenhouse gas emissions Inventories,I,GTM,Guatemala,A,Annual,GHG,Greenhouse gases,_T,Total emissions excluding LULUCF,KG_CO2E_PS,Kilogrammes of CO2-equivalent per person,2022,,1.847079,,A,Normal value,3,Thousands,,,,,2,Two,,
DATAFLOW,OECD.ENV.EPI:DSD_AIR_GHG@DF_AIR_GHG(1.0),Air emissions - Greenhouse gas emissions Inventories,I,GNB,Guinea-Bissau,A,Annual,GHG,Greenhouse gases,_T,Total emissions excluding LULUCF,KG_CO2E_PS,Kilogrammes of CO2-equivalent per person,2022,,0.7657315,,A,Normal value,3,Thousands,,,,,2,Two,,
DATAFLOW,OECD.ENV.EPI:DSD_AIR_GHG@DF_AIR_GHG(1.0),Air emissions - Greenhouse gas emissions Inventories,I,GUY,Guyana,A,Annual,GHG,Greenhouse gases,_T,Total emissions excluding LULUCF,KG_CO2E_PS,Kilogrammes of CO2-equivalent per person,2022,,10.29586,,A,Normal value,3,Thousands,,,,,2,Two,,
DATAFLOW,OECD.ENV.EPI:DSD_AIR_GHG@DF_AIR_GHG(1.0),Air emissions - Greenhouse gas emissions Inventories,I,VAT,Holy See,A,Annual,GHG,Greenhouse gases,_T,Total emissions excluding LULUCF,KG_CO2E_PS,Kilogrammes of CO2-equivalent per person,2022,,31.39618,,A,Normal value,3,Thousands,,,,,2,Two,,
DATAFLOW,OECD.ENV.EPI:DSD_AIR_GHG@DF_AIR_GHG(1.0),Air emissions - Greenhouse gas emissions Inventories,I,IDN,Indonesia,A,Annual,GHG,Greenhouse gases,_T,Total emissions excluding LULUCF,KG_CO2E_PS,Kilogrammes of CO2-equivalent per person,2022,,3.839404,,A,Normal value,3,Thousands,,,,,2,Two,,
DATAFLOW,OECD.ENV.EPI:DSD_AIR_GHG@DF_AIR_GHG(1.0),Air emissions - Greenhouse gas emissions Inventories,I,KAZ,Kazakhstan,A,Annual,GHG,Greenhouse gases,_T,Total emissions excluding LULUCF,KG_CO2E_PS,Kilogrammes of CO2-equivalent per person,2022,,17.19394,,A,Normal value,3,Thousands,,,,,2,Two,,
DATAFLOW,OECD.ENV.EPI:DSD_AIR_GHG@DF_AIR_GHG(1.0),Air emissions - Greenhouse gas emissions Inventories,I,KEN,Kenya,A,Annual,GHG,Greenhouse gases,_T,Total emissions excluding LULUCF,KG_CO2E_PS,Kilogrammes of CO2-equivalent per person,2022,,1.222736,,A,Normal value,3,Thousands,,,,,2,Two,,
DATAFLOW,OECD.ENV.EPI:DSD_AIR_GHG@DF_AIR_GHG(1.0),Air emissions - Greenhouse gas emissions Inventories,I,LBN,Lebanon,A,Annual,GHG,Greenhouse gases,_T,Total emissions excluding LULUCF,KG_CO2E_PS,Kilogrammes of CO2-equivalent per person,2022,,3.571952,,A,Normal value,3,Thousands,,,,,2,Two,,
DATAFLOW,OECD.ENV.EPI:DSD_AIR_GHG@DF_AIR_GHG(1.0),Air emissions - Greenhouse gas emissions Inventories,I,LIE,Liechtenstein,A,Annual,GHG,Greenhouse gases,_T,Total emissions excluding LULUCF,KG_CO2E_PS,Kilogrammes of CO2-equivalent per person,2022,,4.195264,,A,Normal value,3,Thousands,,,,,2,Two,,
DATAFLOW,OECD.ENV.EPI:DSD_AIR_GHG@DF_AIR_GHG(1.0),Air emissions - Greenhouse gas emissions Inventories,I,MDV,Maldives,A,Annual,GHG,Greenhouse gases,_T,Total emissions excluding LULUCF,KG_CO2E_PS,Kilogrammes of CO2-equivalent per person,2022,,4.502358,,A,Normal value,3,Thousands,,,,,2,Two,,
DATAFLOW,OECD.ENV.EPI:DSD_AIR_GHG@DF_AIR_GHG(1.0),Air emissions - Greenhouse gas emissions Inventories,I,MLT,Malta,A,Annual,GHG,Greenhouse gases,_T,Total emissions excluding LULUCF,KG_CO2E_PS,Kilogrammes of CO2-equivalent per person,2022,,4.278131,,A,Normal value,3,Thousands,,,,,2,Two,,
DATAFLOW,OECD.ENV.EPI:DSD_AIR_GHG@DF_AIR_GHG(1.0),Air emissions - Greenhouse gas emissions Inventories,I,MUS,Mauritius,A,Annual,GHG,Greenhouse gases,_T,Total emissions excluding LULUCF,KG_CO2E_PS,Kilogrammes of CO2-equivalent per person,2022,,4.624897,,A,Normal value,3,Thousands,,,,,2,Two,,
DATAFLOW,OECD.ENV.EPI:DSD_AIR_GHG@DF_AIR_GHG(1.0),Air emissions - Greenhouse gas emissions Inventories,I,MDA,Moldova,A,Annual,GHG,Greenhouse gases,_T,Total emissions excluding LULUCF,KG_CO2E_PS,Kilogrammes of CO2-equivalent per person,2022,,4.260492,,A,Normal value,3,Thousands,,,,,2,Two,,
DATAFLOW,OECD.ENV.EPI:DSD_AIR_GHG@DF_AIR_GHG(1.0),Air emissions - Greenhouse gas emissions Inventories,I,MCO,Monaco,A,Annual,GHG,Greenhouse gases,_T,Total emissions excluding LULUCF,KG_CO2E_PS,Kilogrammes of CO2-equivalent per person,2022,,1.671067,,A,Normal value,3,Thousands,,,,,2,Two,,
DATAFLOW,OECD.ENV.EPI:DSD_AIR_GHG@DF_AIR_GHG(1.0),Air emissions - Greenhouse gas emissions Inventories,I,MAR,Morocco,A,Annual,GHG,Greenhouse gases,_T,Total emissions excluding LULUCF,KG_CO2E_PS,Kilogrammes of CO2-equivalent per person,2022,,2.655225,,A,Normal value,3,Thousands,,,,,2,Two,,
DATAFLOW,OECD.ENV.EPI:DSD_AIR_GHG@DF_AIR_GHG(1.0),Air emissions - Greenhouse gas emissions Inventories,I,NAM,Namibia,A,Annual,GHG,Greenhouse gases,_T,Total emissions excluding LULUCF,KG_CO2E_PS,Kilogrammes of CO2-equivalent per person,2022,,4.355369,,A,Normal value,3,Thousands,,,,,2,Two,,
DATAFLOW,OECD.ENV.EPI:DSD_AIR_GHG@DF_AIR_GHG(1.0),Air emissions - Greenhouse gas emissions Inventories,I,NPL,Nepal,A,Annual,GHG,Greenhouse gases,_T,Total emissions excluding LULUCF,KG_CO2E_PS,Kilogrammes of CO2-equivalent per person,2022,,1.959157,,A,Normal value,3,Thousands,,,,,2,Two,,
DATAFLOW,OECD.ENV.EPI:DSD_AIR_GHG@DF_AIR_GHG(1.0),Air emissions - Greenhouse gas emissions Inventories,I,NGA,Nigeria,A,Annual,GHG,Greenhouse gases,_T,Total emissions excluding LULUCF,KG_CO2E_PS,Kilogrammes of CO2-equivalent per person,2022,,1.472081,,A,Normal value,3,Thousands,,,,,2,Two,,
DATAFLOW,OECD.ENV.EPI:DSD_AIR_GHG@DF_AIR_GHG(1.0),Air emissions - Greenhouse gas emissions Inventories,I,ROU,Romania,A,Annual,GHG,Greenhouse gases,_T,Total emissions excluding LULUCF,KG_CO2E_PS,Kilogrammes of CO2-equivalent per person,2022,,5.721738,,A,Normal value,3,Thousands,,,,,2,Two,,
DATAFLOW,OECD.ENV.EPI:DSD_AIR_GHG@DF_AIR_GHG(1.0),Air emissions - Greenhouse gas emissions Inventories,I,RUS,Russia,A,Annual,GHG,Greenhouse gases,_T,Total emissions excluding LULUCF,KG_CO2E_PS,Kilogrammes of CO2-equivalent per person,2022,,13.91034,,A,Normal value,3,Thousands,,,,,2,Two,,
DATAFLOW,OECD.ENV.EPI:DSD_AIR_GHG@DF_AIR_GHG(1.0),Air emissions - Greenhouse gas emissions Inventories,I,SRB,Serbia,A,Annual,GHG,Greenhouse gases,_T,Total emissions excluding LULUCF,KG_CO2E_PS,Kilogrammes of CO2-equivalent per person,2022,,9.226242,,A,Normal value,3,Thousands,,,,,2,Two,,
DATAFLOW,OECD.ENV.EPI:DSD_AIR_GHG@DF_AIR_GHG(1.0),Air emissions - Greenhouse gas emissions Inventories,I,ZAF,South Africa,A,Annual,GHG,Greenhouse gases,_T,Total emissions excluding LULUCF,KG_CO2E_PS,Kilogrammes of CO2-equivalent per person,2022,,7.626128,,A,Normal value,3,Thousands,,,,,2,Two,,
DATAFLOW,OECD.ENV.EPI:DSD_AIR_GHG@DF_AIR_GHG(1.0),Air emissions - Greenhouse gas emissions Inventories,I,THA,Thailand,A,Annual,GHG,Greenhouse gases,_T,Total emissions excluding LULUCF,KG_CO2E_PS,Kilogrammes of CO2-equivalent per person,2022,,5.356871,,A,Normal value,3,Thousands,,,,,2,Two,,
DATAFLOW,OECD.ENV.EPI:DSD_AIR_GHG@DF_AIR_GHG(1.0),Air emissions - Greenhouse gas emissions Inventories,I,UKR,Ukraine,A,Annual,GHG,Greenhouse gases,_T,Total emissions excluding LULUCF,KG_CO2E_PS,Kilogrammes of CO2-equivalent per person,2022,,5.826824,,A,Normal value,3,Thousands,,,,,2,Two,,
DATAFLOW,OECD.ENV.EPI:DSD_AIR_GHG@DF_AIR_GHG(1.0),Air emissions - Greenhouse gas emissions Inventories,I,URY,Uruguay,A,Annual,GHG,Greenhouse gases,_T,Total emissions excluding LULUCF,KG_CO2E_PS,Kilogrammes of CO2-equivalent per person,2022,,11.06299,,A,Normal value,3,Thousands,,,,,2,Two,,
DATAFLOW,OECD.ENV.EPI:DSD_AIR_GHG@DF_AIR_GHG(1.0),Air emissions - Greenhouse gas emissions Inventories,I,UZB,Uzbekistan,A,Annual,GHG,Greenhouse gases,_T,Total emissions excluding LULUCF,KG_CO2E_PS,Kilogrammes of CO2-equivalent per person,2022,,5.999439,,A,Normal value,3,Thousands,,,,,2,Two,,
DATAFLOW,OECD.ENV.EPI:DSD_AIR_GHG@DF_AIR_GHG(1.0),Air emissions - Greenhouse gas emissions Inventories,I,VEN,Venezuela,A,Annual,GHG,Greenhouse gases,_T,Total emissions excluding LULUCF,KG_CO2E_PS,Kilogrammes of CO2-equivalent per person,2022,,5.68212,,A,Normal value,3,Thousands,,,,,2,Two,,
DATAFLOW,OECD.ENV.EPI:DSD_AIR_GHG@DF_AIR_GHG(1.0),Air emissions - Greenhouse gas emissions Inventories,I,AUS,Australia,A,Annual,GHG,Greenhouse gases,_T,Total emissions excluding LULUCF,KG_CO2E_PS,Kilogrammes of CO2-equivalent per person,2019,,21.86902,,A,Normal value,3,Thousands,,,,,2,Two,,
DATAFLOW,OECD.ENV.EPI:DSD_AIR_GHG@DF_AIR_GHG(1.0),Air emissions - Greenhouse gas emissions Inventories,I,AUT,Austria,A,Annual,GHG,Greenhouse gases,_T,Total emissions excluding LULUCF,KG_CO2E_PS,Kilogrammes of CO2-equivalent per person,2019,,9.08026,,A,Normal value,3,Thousands,,,,,2,Two,,
DATAFLOW,OECD.ENV.EPI:DSD_AIR_GHG@DF_AIR_GHG(1.0),Air emissions - Greenhouse gas emissions Inventories,I,BEL,Belgium,A,Annual,GHG,Greenhouse gases,_T,Total emissions excluding LULUCF,KG_CO2E_PS,Kilogrammes of CO2-equivalent per person,2019,,10.12343,,A,Normal value,3,Thousands,,,,,2,Two,,
DATAFLOW,OECD.ENV.EPI:DSD_AIR_GHG@DF_AIR_GHG(1.0),Air emissions - Greenhouse gas emissions Inventories,I,CAN,Canada,A,Annual,GHG,Greenhouse gases,_T,Total emissions excluding LULUCF,KG_CO2E_PS,Kilogrammes of CO2-equivalent per person,2019,,19.77897,,A,Normal value,3,Thousands,,,,,2,Two,,
DATAFLOW,OECD.ENV.EPI:DSD_AIR_GHG@DF_AIR_GHG(1.0),Air emissions - Greenhouse gas emissions Inventories,I,CHL,Chile,A,Annual,GHG,Greenhouse gases,_T,Total emissions excluding LULUCF,KG_CO2E_PS,Kilogrammes of CO2-equivalent per person,2019,,5.682408,,A,Normal value,3,Thousands,,,,,2,Two,,
DATAFLOW,OECD.ENV.EPI:DSD_AIR_GHG@DF_AIR_GHG(1.0),Air emissions - Greenhouse gas emissions Inventories,I,COL,Colombia,A,Annual,GHG,Greenhouse gases,_T,Total emissions excluding LULUCF,KG_CO2E_PS,Kilogrammes of CO2-equivalent per person,2019,,3.683094,,A,Normal value,3,Thousands,,,,,2,Two,,
DATAFLOW,OECD.ENV.EPI:DSD_AIR_GHG@DF_AIR_GHG(1.0),Air emissions - Greenhouse gas emissions Inventories,I,CRI,Costa Rica,A,Annual,GHG,Greenhouse gases,_T,Total emissions excluding LULUCF,KG_CO2E_PS,Kilogrammes of CO2-equivalent per person,2019,,3.187885,,A,Normal value,3,Thousands,,,,,2,Two,,
DATAFLOW,OECD.ENV.EPI:DSD_AIR_GHG@DF_AIR_GHG(1.0),Air emissions - Greenhouse gas emissions Inventories,I,CZE,Czechia,A,Annual,GHG,Greenhouse gases,_T,Total emissions excluding LULUCF,KG_CO2E_PS,Kilogrammes of CO2-equivalent per person,2019,,11.46535,,A,Normal value,3,Thousands,,,,,2,Two,,
DATAFLOW,OECD.ENV.EPI:DSD_AIR_GHG@DF_AIR_GHG(1.0),Air emissions - Greenhouse gas emissions Inventories,I,DNK,Denmark,A,Annual,GHG,Greenhouse gases,_T,Total emissions excluding LULUCF,KG_CO2E_PS,Kilogrammes of CO2-equivalent per person,2019,,7.870842,,A,Normal value,3,Thousands,,,,,2,Two,,
DATAFLOW,OECD.ENV.EPI:DSD_AIR_GHG@DF_AIR_GHG(1.0),Air emissions - Greenhouse gas emissions Inventories,I,EST,Estonia,A,Annual,GHG,Greenhouse gases,_T,Total emissions excluding LULUCF,KG_CO2E_PS,Kilogrammes of CO2-equivalent per person,2019,,10.93776,,A,Normal value,3,Thousands,,,,,2,Two,,
DATAFLOW,OECD.ENV.EPI:DSD_AIR_GHG@DF_AIR_GHG(1.0),Air emissions - Greenhouse gas emissions Inventories,I,FIN,Finland,A,Annual,GHG,Greenhouse gases,_T,Total emissions excluding LULUCF,KG_CO2E_PS,Kilogrammes of CO2-equivalent per person,2019,,9.53934,,A,Normal value,3,Thousands,,,,,2,Two,,
DATAFLOW,OECD.ENV.EPI:DSD_AIR_GHG@DF_AIR_GHG(1.0),Air emissions - Greenhouse gas emissions Inventories,I,FRA,France,A,Annual,GHG,Greenhouse gases,_T,Total emissions excluding LULUCF,KG_CO2E_PS,Kilogrammes of CO2-equivalent per person,2019,,6.62196,,A,Normal value,3,Thousands,,,,,2,Two,,
DATAFLOW,OECD.ENV.EPI:DSD_AIR_GHG@DF_AIR_GHG(1.0),Air emissions - Greenhouse gas emissions Inventories,I,DEU,Germany,A,Annual,GHG,Greenhouse gases,_T,Total emissions excluding LULUCF,KG_CO2E_PS,Kilogrammes of CO2-equivalent per person,2019,,9.550692,,A,Normal value,3,Thousands,,,,,2,Two,,
DATAFLOW,OECD.ENV.EPI:DSD_AIR_GHG@DF_AIR_GHG(1.0),Air emissions - Greenhouse gas emissions Inventories,I,GRC,Greece,A,Annual,GHG,Greenhouse gases,_T,Total emissions excluding LULUCF,KG_CO2E_PS,Kilogrammes of CO2-equivalent per person,2019,,8.052013,,A,Normal value,3,Thousands,,,,,2,Two,,
DATAFLOW,OECD.ENV.EPI:DSD_AIR_GHG@DF_AIR_GHG(1.0),Air emissions - Greenhouse gas emissions Inventories,I,HUN,Hungary,A,Annual,GHG,Greenhouse gases,_T,Total emissions excluding LULUCF,KG_CO2E_PS,Kilogrammes of CO2-equivalent per person,2019,,6.646106,,A,Normal value,3,Thousands,,,,,2,Two,,
DATAFLOW,OECD.ENV.EPI:DSD_AIR_GHG@DF_AIR_GHG(1.0),Air emissions - Greenhouse gas emissions Inventories,I,ISL,Iceland,A,Annual,GHG,Greenhouse gases,_T,Total emissions excluding LULUCF,KG_CO2E_PS,Kilogrammes of CO2-equivalent per person,2019,,13.29792,,A,Normal value,3,Thousands,,,,,2,Two,,
DATAFLOW,OECD.ENV.EPI:DSD_AIR_GHG@DF_AIR_GHG(1.0),Air emissions - Greenhouse gas emissions Inventories,I,IRL,Ireland,A,Annual,GHG,Greenhouse gases,_T,Total emissions excluding LULUCF,KG_CO2E_PS,Kilogrammes of CO2-equivalent per person,2019,,12.11575,,A,Normal value,3,Thousands,,,,,2,Two,,
DATAFLOW,OECD.ENV.EPI:DSD_AIR_GHG@DF_AIR_GHG(1.0),Air emissions - Greenhouse gas emissions Inventories,I,ISR,Israel,A,Annual,GHG,Greenhouse gases,_T,Total emissions excluding LULUCF,KG_CO2E_PS,Kilogrammes of CO2-equivalent per person,2019,,9.414085,,A,Normal value,3,Thousands,,,,,2,Two,,
DATAFLOW,OECD.ENV.EPI:DSD_AIR_GHG@DF_AIR_GHG(1.0),Air emissions - Greenhouse gas emissions Inventories,I,ITA,Italy,A,Annual,GHG,Greenhouse gases,_T,Total emissions excluding LULUCF,KG_CO2E_PS,Kilogrammes of CO2-equivalent per person,2019,,6.926384,,A,Normal value,3,Thousands,,,,,2,Two,,
DATAFLOW,OECD.ENV.EPI:DSD_AIR_GHG@DF_AIR_GHG(1.0),Air emissions - Greenhouse gas emissions Inventories,I,JPN,Japan,A,Annual,GHG,Greenhouse gases,_T,Total emissions excluding LULUCF,KG_CO2E_PS,Kilogrammes of CO2-equivalent per person,2019,,9.373204,,A,Normal value,3,Thousands,,,,,2,Two,,
DATAFLOW,OECD.ENV.EPI:DSD_AIR_GHG@DF_AIR_GHG(1.0),Air emissions - Greenhouse gas emissions Inventories,I,KOR,Korea,A,Annual,GHG,Greenhouse gases,_T,Total emissions excluding LULUCF,KG_CO2E_PS,Kilogrammes of CO2-equivalent per person,2019,,14.66927,,A,Normal value,3,Thousands,,,,,2,Two,,
DATAFLOW,OECD.ENV.EPI:DSD_AIR_GHG@DF_AIR_GHG(1.0),Air emissions - Greenhouse gas emissions Inventories,I,LVA,Latvia,A,Annual,GHG,Greenhouse gases,_T,Total emissions excluding LULUCF,KG_CO2E_PS,Kilogrammes of CO2-equivalent per person,2019,,5.812749,,A,Normal value,3,Thousands,,,,,2,Two,,
DATAFLOW,OECD.ENV.EPI:DSD_AIR_GHG@DF_AIR_GHG(1.0),Air emissions - Greenhouse gas emissions Inventories,I,LTU,Lithuania,A,Annual,GHG,Greenhouse gases,_T,Total emissions excluding LULUCF,KG_CO2E_PS,Kilogrammes of CO2-equivalent per person,2019,,7.042611,,A,Normal value,3,Thousands,,,,,2,Two,,
DATAFLOW,OECD.ENV.EPI:DSD_AIR_GHG@DF_AIR_GHG(1.0),Air emissions - Greenhouse gas emissions Inventories,I,LUX,Luxembourg,A,Annual,GHG,Greenhouse gases,_T,Total emissions excluding LULUCF,KG_CO2E_PS,Kilogrammes of CO2-equivalent per person,2019,,17.33832,,A,Normal value,3,Thousands,,,,,2,Two,,
DATAFLOW,OECD.ENV.EPI:DSD_AIR_GHG@DF_AIR_GHG(1.0),Air emissions - Greenhouse gas emissions Inventories,I,MEX,Mexico,A,Annual,GHG,Greenhouse gases,_T,Total emissions excluding LULUCF,KG_CO2E_PS,Kilogrammes of CO2-equivalent per person,2019,,6.061272,,A,Normal value,3,Thousands,,,,,2,Two,,
DATAFLOW,OECD.ENV.EPI:DSD_AIR_GHG@DF_AIR_GHG(1.0),Air emissions - Greenhouse gas emissions Inventories,I,NLD,Netherlands,A,Annual,GHG,Greenhouse gases,_T,Total emissions excluding LULUCF,KG_CO2E_PS,Kilogrammes of CO2-equivalent per person,2019,,10.32719,,A,Normal value,3,Thousands,,,,,2,Two,,
DATAFLOW,OECD.ENV.EPI:DSD_AIR_GHG@DF_AIR_GHG(1.0),Air emissions - Greenhouse gas emissions Inventories,I,NZL,New Zealand,A,Annual,GHG,Greenhouse gases,_T,Total emissions excluding LULUCF,KG_CO2E_PS,Kilogrammes of CO2-equivalent per person,2019,,16.84859,,A,Normal value,3,Thousands,,,,,2,Two,,
DATAFLOW,OECD.ENV.EPI:DSD_AIR_GHG@DF_AIR_GHG(1.0),Air emissions - Greenhouse gas emissions Inventories,I,NOR,Norway,A,Annual,GHG,Greenhouse gases,_T,Total emissions excluding LULUCF,KG_CO2E_PS,Kilogrammes of CO2-equivalent per person,2019,,9.548388,,A,Normal value,3,Thousands,,,,,2,Two,,
DATAFLOW,OECD.ENV.EPI:DSD_AIR_GHG@DF_AIR_GHG(1.0),Air emissions - Greenhouse gas emissions Inventories,I,POL,Poland,A,Annual,GHG,Greenhouse gases,_T,Total emissions excluding LULUCF,KG_CO2E_PS,Kilogrammes of CO2-equivalent per person,2019,,10.09156,,A,Normal value,3,Thousands,,,,,2,Two,,
DATAFLOW,OECD.ENV.EPI:DSD_AIR_GHG@DF_AIR_GHG(1.0),Air emissions - Greenhouse gas emissions Inventories,I,PRT,Portugal,A,Annual,GHG,Greenhouse gases,_T,Total emissions excluding LULUCF,KG_CO2E_PS,Kilogrammes of CO2-equivalent per person,2019,,6.13362,,A,Normal value,3,Thousands,,,,,2,Two,,
DATAFLOW,OECD.ENV.EPI:DSD_AIR_GHG@DF_AIR_GHG(1.0),Air emissions - Greenhouse gas emissions Inventories,I,SVK,Slovak Republic,A,Annual,GHG,Greenhouse gases,_T,Total emissions excluding LULUCF,KG_CO2E_PS,Kilogrammes of CO2-equivalent per person,2019,,7.267905,,A,Normal value,3,Thousands,,,,,2,Two,,
DATAFLOW,OECD.ENV.EPI:DSD_AIR_GHG@DF_AIR_GHG(1.0),Air emissions - Greenhouse gas emissions Inventories,I,SVN,Slovenia,A,Annual,GHG,Greenhouse gases,_T,Total emissions excluding LULUCF,KG_CO2E_PS,Kilogrammes of CO2-equivalent per person,2019,,8.222804,,A,Normal value,3,Thousands,,,,,2,Two,,
DATAFLOW,OECD.ENV.EPI:DSD_AIR_GHG@DF_AIR_GHG(1.0),Air emissions - Greenhouse gas emissions Inventories,I,ESP,Spain,A,Annual,GHG,Greenhouse gases,_T,Total emissions excluding LULUCF,KG_CO2E_PS,Kilogrammes of CO2-equivalent per person,2019,,6.511927,,A,Normal value,3,Thousands,,,,,2,Two,,
DATAFLOW,OECD.ENV.EPI:DSD_AIR_GHG@DF_AIR_GHG(1.0),Air emissions - Greenhouse gas emissions Inventories,I,SWE,Sweden,A,Annual,GHG,Greenhouse gases,_T,Total emissions excluding LULUCF,KG_CO2E_PS,Kilogrammes of CO2-equivalent per person,2019,,4.883338,,A,Normal value,3,Thousands,,,,,2,Two,,
DATAFLOW,OECD.ENV.EPI:DSD_AIR_GHG@DF_AIR_GHG(1.0),Air emissions - Greenhouse gas emissions Inventories,I,CHE,Switzerland,A,Annual,GHG,Greenhouse gases,_T,Total emissions excluding LULUCF,KG_CO2E_PS,Kilogrammes of CO2-equivalent per person,2019,,5.440202,,A,Normal value,3,Thousands,,,,,2,Two,,
DATAFLOW,OECD.ENV.EPI:DSD_AIR_GHG@DF_AIR_GHG(1.0),Air emissions - Greenhouse gas emissions Inventories,I,TUR,Türkiye,A,Annual,GHG,Greenhouse gases,_T,Total emissions excluding LULUCF,KG_CO2E_PS,Kilogrammes of CO2-equivalent per person,2019,,6.066827,,A,Normal value,3,Thousands,,,,,2,Two,,
DATAFLOW,OECD.ENV.EPI:DSD_AIR_GHG@DF_AIR_GHG(1.0),Air emissions - Greenhouse gas emissions Inventories,I,GBR,United Kingdom,A,Annual,GHG,Greenhouse gases,_T,Total emissions excluding LULUCF,KG_CO2E_PS,Kilogrammes of CO2-equivalent per person,2019,,6.692477,,A,Normal value,3,Thousands,,,,,2,Two,,
DATAFLOW,OECD.ENV.EPI:DSD_AIR_GHG@DF_AIR_GHG(1.0),Air emissions - Greenhouse gas emissions Inventories,I,USA,United States,A,Annual,GHG,Greenhouse gases,_T,Total emissions excluding LULUCF,KG_CO2E_PS,Kilogrammes of CO2-equivalent per person,2019,,19.50954,,A,Normal value,3,Thousands,,,,,2,Two,,
DATAFLOW,OECD.ENV.EPI:DSD_AIR_GHG@DF_AIR_GHG(1.0),Air emissions - Greenhouse gas emissions Inventories,I,EU27_2020,European Union (27 countries from 01/02/2020),A,Annual,GHG,Greenhouse gases,_T,Total emissions excluding LULUCF,KG_CO2E_PS,Kilogrammes of CO2-equivalent per person,2019,,8.011375,,A,Normal value,3,Thousands,,,,,2,Two,,
DATAFLOW,OECD.ENV.EPI:DSD_AIR_GHG@DF_AIR_GHG(1.0),Air emissions - Greenhouse gas emissions Inventories,I,DZA,Algeria,A,Annual,GHG,Greenhouse gases,_T,Total emissions excluding LULUCF,KG_CO2E_PS,Kilogrammes of CO2-equivalent per person,2019,,5.287959,,A,Normal value,3,Thousands,,,,,2,Two,,
DATAFLOW,OECD.ENV.EPI:DSD_AIR_GHG@DF_AIR_GHG(1.0),Air emissions - Greenhouse gas emissions Inventories,I,ARG,Argentina,A,Annual,GHG,Greenhouse gases,_T,Total emissions excluding LULUCF,KG_CO2E_PS,Kilogrammes of CO2-equivalent per person,2019,,7.473238,,A,Normal value,3,Thousands,,,,,2,Two,,
DATAFLOW,OECD.ENV.EPI:DSD_AIR_GHG@DF_AIR_GHG(1.0),Air emissions - Greenhouse gas emissions Inventories,I,BLR,Belarus,A,Annual,GHG,Greenhouse gases,_T,Total emissions excluding LULUCF,KG_CO2E_PS,Kilogrammes of CO2-equivalent per person,2019,,9.808526,,A,Normal value,3,Thousands,,,,,2,Two,,
DATAFLOW,OECD.ENV.EPI:DSD_AIR_GHG@DF_AIR_GHG(1.0),Air emissions - Greenhouse gas emissions Inventories,I,BTN,Bhutan,A,Annual,GHG,Greenhouse gases,_T,Total emissions excluding LULUCF,KG_CO2E_PS,Kilogrammes of CO2-equivalent per person,2019,,1.872337,,A,Normal value,3,Thousands,,,,,2,Two,,
DATAFLOW,OECD.ENV.EPI:DSD_AIR_GHG@DF_AIR_GHG(1.0),Air emissions - Greenhouse gas emissions Inventories,I,BRA,Brazil,A,Annual,GHG,Greenhouse gases,_T,Total emissions excluding LULUCF,KG_CO2E_PS,Kilogrammes of CO2-equivalent per person,2019,,5.59519,,A,Normal value,3,Thousands,,,,,2,Two,,
DATAFLOW,OECD.ENV.EPI:DSD_AIR_GHG@DF_AIR_GHG(1.0),Air emissions - Greenhouse gas emissions Inventories,I,BRN,Brunei Darussalam,A,Annual,GHG,Greenhouse gases,_T,Total emissions excluding LULUCF,KG_CO2E_PS,Kilogrammes of CO2-equivalent per person,2019,,25.95554,,A,Normal value,3,Thousands,,,,,2,Two,,
DATAFLOW,OECD.ENV.EPI:DSD_AIR_GHG@DF_AIR_GHG(1.0),Air emissions - Greenhouse gas emissions Inventories,I,BGR,Bulgaria,A,Annual,GHG,Greenhouse gases,_T,Total emissions excluding LULUCF,KG_CO2E_PS,Kilogrammes of CO2-equivalent per person,2019,,7.72982,,A,Normal value,3,Thousands,,,,,2,Two,,
DATAFLOW,OECD.ENV.EPI:DSD_AIR_GHG@DF_AIR_GHG(1.0),Air emissions - Greenhouse gas emissions Inventories,I,CIV,Côte d’Ivoire,A,Annual,GHG,Greenhouse gases,_T,Total emissions excluding LULUCF,KG_CO2E_PS,Kilogrammes of CO2-equivalent per person,2019,,1.682472,,A,Normal value,3,Thousands,,,,,2,Two,,
DATAFLOW,OECD.ENV.EPI:DSD_AIR_GHG@DF_AIR_GHG(1.0),Air emissions - Greenhouse gas emissions Inventories,I,HRV,Croatia,A,Annual,GHG,Greenhouse gases,_T,Total emissions excluding LULUCF,KG_CO2E_PS,Kilogrammes of CO2-equivalent per person,2019,,6.225204,,A,Normal value,3,Thousands,,,,,2,Two,,
DATAFLOW,OECD.ENV.EPI:DSD_AIR_GHG@DF_AIR_GHG(1.0),Air emissions - Greenhouse gas emissions Inventories,I,CUB,Cuba,A,Annual,GHG,Greenhouse gases,_T,Total emissions excluding LULUCF,KG_CO2E_PS,Kilogrammes of CO2-equivalent per person,2019,,4.692558,,A,Normal value,3,Thousands,,,,,2,Two,,
DATAFLOW,OECD.ENV.EPI:DSD_AIR_GHG@DF_AIR_GHG(1.0),Air emissions - Greenhouse gas emissions Inventories,I,CYP,Cyprus,A,Annual,GHG,Greenhouse gases,_T,Total emissions excluding LULUCF,KG_CO2E_PS,Kilogrammes of CO2-equivalent per person,2019,,6.542007,,A,Normal value,3,Thousands,,,,,2,Two,,
DATAFLOW,OECD.ENV.EPI:DSD_AIR_GHG@DF_AIR_GHG(1.0),Air emissions - Greenhouse gas emissions Inventories,I,EGY,Egypt,A,Annual,GHG,Greenhouse gases,_T,Total emissions excluding LULUCF,KG_CO2E_PS,Kilogrammes of CO2-equivalent per person,2019,,3.204049,,A,Normal value,3,Thousands,,,,,2,Two,,
DATAFLOW,OECD.ENV.EPI:DSD_AIR_GHG@DF_AIR_GHG(1.0),Air emissions - Greenhouse gas emissions Inventories,I,GEO,Georgia,A,Annual,GHG,Greenhouse gases,_T,Total emissions excluding LULUCF,KG_CO2E_PS,Kilogrammes of CO2-equivalent per person,2019,,4.74158,,A,Normal value,3,Thousands,,,,,2,Two,,
DATAFLOW,OECD.ENV.EPI:DSD_AIR_GHG@DF_AIR_GHG(1.0),Air emissions - Greenhouse gas emissions Inventories,I,GHA,Ghana,A,Annual,GHG,Greenhouse gases,_T,Total emissions excluding LULUCF,KG_CO2E_PS,Kilogrammes of CO2-equivalent per person,2019,,1.366898,,A,Normal value,3,Thousands,,,,,2,Two,,
DATAFLOW,OECD.ENV.EPI:DSD_AIR_GHG@DF_AIR_GHG(1.0),Air emissions - Greenhouse gas emissions Inventories,I,GTM,Guatemala,A,Annual,GHG,Greenhouse gases,_T,Total emissions excluding LULUCF,KG_CO2E_PS,Kilogrammes of CO2-equivalent per person,2019,,1.882364,,A,Normal value,3,Thousands,,,,,2,Two,,
DATAFLOW,OECD.ENV.EPI:DSD_AIR_GHG@DF_AIR_GHG(1.0),Air emissions - Greenhouse gas emissions Inventories,I,GNB,Guinea-Bissau,A,Annual,GHG,Greenhouse gases,_T,Total emissions excluding LULUCF,KG_CO2E_PS,Kilogrammes of CO2-equivalent per person,2019,,0.7790754,,A,Normal value,3,Thousands,,,,,2,Two,,
DATAFLOW,OECD.ENV.EPI:DSD_AIR_GHG@DF_AIR_GHG(1.0),Air emissions - Greenhouse gas emissions Inventories,I,GUY,Guyana,A,Annual,GHG,Greenhouse gases,_T,Total emissions excluding LULUCF,KG_CO2E_PS,Kilogrammes of CO2-equivalent per person,2019,,6.561252,,A,Normal value,3,Thousands,,,,,2,Two,,
DATAFLOW,OECD.ENV.EPI:DSD_AIR_GHG@DF_AIR_GHG(1.0),Air emissions - Greenhouse gas emissions Inventories,I,VAT,Holy See,A,Annual,GHG,Greenhouse gases,_T,Total emissions excluding LULUCF,KG_CO2E_PS,Kilogrammes of CO2-equivalent per person,2019,,29.66224,,A,Normal value,3,Thousands,,,,,2,Two,,
DATAFLOW,OECD.ENV.EPI:DSD_AIR_GHG@DF_AIR_GHG(1.0),Air emissions - Greenhouse gas emissions Inventories,I,IDN,Indonesia,A,Annual,GHG,Greenhouse gases,_T,Total emissions excluding LULUCF,KG_CO2E_PS,Kilogrammes of CO2-equivalent per person,2019,,3.556219,,A,Normal value,3,Thousands,,,,,2,Two,,
DATAFLOW,OECD.ENV.EPI:DSD_AIR_GHG@DF_AIR_GHG(1.0),Air emissions - Greenhouse gas emissions Inventories,I,KAZ,Kazakhstan,A,Annual,GHG,Greenhouse gases,_T,Total emissions excluding LULUCF,KG_CO2E_PS,Kilogrammes of CO2-equivalent per person,2019,,19.34913,,A,Normal value,3,Thousands,,,,,2,Two,,
DATAFLOW,OECD.ENV.EPI:DSD_AIR_GHG@DF_AIR_GHG(1.0),Air emissions - Greenhouse gas emissions Inventories,I,KEN,Kenya,A,Annual,GHG,Greenhouse gases,_T,Total emissions excluding LULUCF,KG_CO2E_PS,Kilogrammes of CO2-equivalent per person,2019,,1.286968,,A,Normal value,3,Thousands,,,,,2,Two,,
DATAFLOW,OECD.ENV.EPI:DSD_AIR_GHG@DF_AIR_GHG(1.0),Air emissions - Greenhouse gas emissions Inventories,I,LIE,Liechtenstein,A,Annual,GHG,Greenhouse gases,_T,Total emissions excluding LULUCF,KG_CO2E_PS,Kilogrammes of CO2-equivalent per person,2019,,4.868305,,A,Normal value,3,Thousands,,,,,2,Two,,
DATAFLOW,OECD.ENV.EPI:DSD_AIR_GHG@DF_AIR_GHG(1.0),Air emissions - Greenhouse gas emissions Inventories,I,MYS,Malaysia,A,Annual,GHG,Greenhouse gases,_T,Total emissions excluding LULUCF,KG_CO2E_PS,Kilogrammes of CO2-equivalent per person,2019,,9.942006,,A,Normal value,3,Thousands,,,,,2,Two,,
DATAFLOW,OECD.ENV.EPI:DSD_AIR_GHG@DF_AIR_GHG(1.0),Air emissions - Greenhouse gas emissions Inventories,I,MDV,Maldives,A,Annual,GHG,Greenhouse gases,_T,Total emissions excluding LULUCF,KG_CO2E_PS,Kilogrammes of CO2-equivalent per person,2019,,4.476469,,A,Normal value,3,Thousands,,,,,2,Two,,
DATAFLOW,OECD.ENV.EPI:DSD_AIR_GHG@DF_AIR_GHG(1.0),Air emissions - Greenhouse gas emissions Inventories,I,MLT,Malta,A,Annual,GHG,Greenhouse gases,_T,Total emissions excluding LULUCF,KG_CO2E_PS,Kilogrammes of CO2-equivalent per person,2019,,4.219994,,A,Normal value,3,Thousands,,,,,2,Two,,
DATAFLOW,OECD.ENV.EPI:DSD_AIR_GHG@DF_AIR_GHG(1.0),Air emissions - Greenhouse gas emissions Inventories,I,MUS,Mauritius,A,Annual,GHG,Greenhouse gases,_T,Total emissions excluding LULUCF,KG_CO2E_PS,Kilogrammes of CO2-equivalent per person,2019,,4.57325,,A,Normal value,3,Thousands,,,,,2,Two,,
DATAFLOW,OECD.ENV.EPI:DSD_AIR_GHG@DF_AIR_GHG(1.0),Air emissions - Greenhouse gas emissions Inventories,I,MDA,Moldova,A,Annual,GHG,Greenhouse gases,_T,Total emissions excluding LULUCF,KG_CO2E_PS,Kilogrammes of CO2-equivalent per person,2019,,4.370677,,A,Normal value,3,Thousands,,,,,2,Two,,
DATAFLOW,OECD.ENV.EPI:DSD_AIR_GHG@DF_AIR_GHG(1.0),Air emissions - Greenhouse gas emissions Inventories,I,MCO,Monaco,A,Annual,GHG,Greenhouse gases,_T,Total emissions excluding LULUCF,KG_CO2E_PS,Kilogrammes of CO2-equivalent per person,2019,,2.157267,,A,Normal value,3,Thousands,,,,,2,Two,,
DATAFLOW,OECD.ENV.EPI:DSD_AIR_GHG@DF_AIR_GHG(1.0),Air emissions - Greenhouse gas emissions Inventories,I,NAM,Namibia,A,Annual,GHG,Greenhouse gases,_T,Total emissions excluding LULUCF,KG_CO2E_PS,Kilogrammes of CO2-equivalent per person,2019,,3.983455,,A,Normal value,3,Thousands,,,,,2,Two,,
DATAFLOW,OECD.ENV.EPI:DSD_AIR_GHG@DF_AIR_GHG(1.0),Air emissions - Greenhouse gas emissions Inventories,I,NPL,Nepal,A,Annual,GHG,Greenhouse gases,_T,Total emissions excluding LULUCF,KG_CO2E_PS,Kilogrammes of CO2-equivalent per person,2019,,1.853793,,A,Normal value,3,Thousands,,,,,2,Two,,
DATAFLOW,OECD.ENV.EPI:DSD_AIR_GHG@DF_AIR_GHG(1.0),Air emissions - Greenhouse gas emissions Inventories,I,NGA,Nigeria,A,Annual,GHG,Greenhouse gases,_T,Total emissions excluding LULUCF,KG_CO2E_PS,Kilogrammes of CO2-equivalent per person,2019,,1.519398,,A,Normal value,3,Thousands,,,,,2,Two,,
DATAFLOW,OECD.ENV.EPI:DSD_AIR_GHG@DF_AIR_GHG(1.0),Air emissions - Greenhouse gas emissions Inventories,I,PAN,Panama,A,Annual,GHG,Greenhouse gases,_T,Total emissions excluding LULUCF,KG_CO2E_PS,Kilogrammes of CO2-equivalent per person,2019,,5.162121,,A,Normal value,3,Thousands,,,,,2,Two,,
DATAFLOW,OECD.ENV.EPI:DSD_AIR_GHG@DF_AIR_GHG(1.0),Air emissions - Greenhouse gas emissions Inventories,I,ROU,Romania,A,Annual,GHG,Greenhouse gases,_T,Total emissions excluding LULUCF,KG_CO2E_PS,Kilogrammes of CO2-equivalent per person,2019,,5.912965,,A,Normal value,3,Thousands,,,,,2,Two,,
DATAFLOW,OECD.ENV.EPI:DSD_AIR_GHG@DF_AIR_GHG(1.0),Air emissions - Greenhouse gas emissions Inventories,I,RUS,Russia,A,Annual,GHG,Greenhouse gases,_T,Total emissions excluding LULUCF,KG_CO2E_PS,Kilogrammes of CO2-equivalent per person,2019,,13.99041,,A,Normal value,3,Thousands,,,,,2,Two,,
DATAFLOW,OECD.ENV.EPI:DSD_AIR_GHG@DF_AIR_GHG(1.0),Air emissions - Greenhouse gas emissions Inventories,I,SAU,Saudi Arabia,A,Annual,GHG,Greenhouse gases,_T,Total emissions excluding LULUCF,KG_CO2E_PS,Kilogrammes of CO2-equivalent per person,2019,,22.00738,,A,Normal value,3,Thousands,,,,,2,Two,,
DATAFLOW,OECD.ENV.EPI:DSD_AIR_GHG@DF_AIR_GHG(1.0),Air emissions - Greenhouse gas emissions Inventories,I,SRB,Serbia,A,Annual,GHG,Greenhouse gases,_T,Total emissions excluding LULUCF,KG_CO2E_PS,Kilogrammes of CO2-equivalent per person,2019,,8.99412,,A,Normal value,3,Thousands,,,,,2,Two,,
DATAFLOW,OECD.ENV.EPI:DSD_AIR_GHG@DF_AIR_GHG(1.0),Air emissions - Greenhouse gas emissions Inventories,I,ZAF,South Africa,A,Annual,GHG,Greenhouse gases,_T,Total emissions excluding LULUCF,KG_CO2E_PS,Kilogrammes of CO2-equivalent per person,2019,,8.34868,,A,Normal value,3,Thousands,,,,,2,Two,,
DATAFLOW,OECD.ENV.EPI:DSD_AIR_GHG@DF_AIR_GHG(1.0),Air emissions - Greenhouse gas emissions Inventories,I,UKR,Ukraine,A,Annual,GHG,Greenhouse gases,_T,Total emissions excluding LULUCF,KG_CO2E_PS,Kilogrammes of CO2-equivalent per person,2019,,7.569845,,A,Normal value,3,Thousands,,,,,2,Two,,
DATAFLOW,OECD.ENV.EPI:DSD_AIR_GHG@DF_AIR_GHG(1.0),Air emissions - Greenhouse gas emissions Inventories,I,UZB,Uzbekistan,A,Annual,GHG,Greenhouse gases,_T,Total emissions excluding LULUCF,KG_CO2E_PS,Kilogrammes of CO2-equivalent per person,2019,,5.712653,,A,Normal value,3,Thousands,,,,,2,Two,,
DATAFLOW,OECD.ENV.EPI:DSD_AIR_GHG@DF_AIR_GHG(1.0),Air emissions - Greenhouse gas emissions Inventories,I,VEN,Venezuela,A,Annual,GHG,Greenhouse gases,_T,Total emissions excluding LULUCF,KG_CO2E_PS,Kilogrammes of CO2-equivalent per person,2019,,5.560651,,A,Normal value,3,Thousands,,,,,2,Two,,
DATAFLOW,OECD.ENV.EPI:DSD_AIR_GHG@DF_AIR_GHG(1.0),Air emissions - Greenhouse gas emissions Inventories,I,AUS,Australia,A,Annual,GHG,Greenhouse gases,_T,Total emissions excluding LULUCF,KG_CO2E_PS,Kilogrammes of CO2-equivalent per person,2016,,22.74003,,A,Normal value,3,Thousands,,,,,2,Two,,
DATAFLOW,OECD.ENV.EPI:DSD_AIR_GHG@DF_AIR_GHG(1.0),Air emissions - Greenhouse gas emissions Inventories,I,AUT,Austria,A,Annual,GHG,Greenhouse gases,_T,Total emissions excluding LULUCF,KG_CO2E_PS,Kilogrammes of CO2-equivalent per person,2016,,9.192056,,A,Normal value,3,Thousands,,,,,2,Two,,
DATAFLOW,OECD.ENV.EPI:DSD_AIR_GHG@DF_AIR_GHG(1.0),Air emissions - Greenhouse gas emissions Inventories,I,BEL,Belgium,A,Annual,GHG,Greenhouse gases,_T,Total emissions excluding LULUCF,KG_CO2E_PS,Kilogrammes of CO2-equivalent per person,2016,,10.34431,,A,Normal value,3,Thousands,,,,,2,Two,,
DATAFLOW,OECD.ENV.EPI:DSD_AIR_GHG@DF_AIR_GHG(1.0),Air emissions - Greenhouse gas emissions Inventories,I,CAN,Canada,A,Annual,GHG,Greenhouse gases,_T,Total emissions excluding LULUCF,KG_CO2E_PS,Kilogrammes of CO2-equivalent per person,2016,,19.9407,,A,Normal value,3,Thousands,,,,,2,Two,,
DATAFLOW,OECD.ENV.EPI:DSD_AIR_GHG@DF_AIR_GHG(1.0),Air emissions - Greenhouse gas emissions Inventories,I,CHL,Chile,A,Annual,GHG,Greenhouse gases,_T,Total emissions excluding LULUCF,KG_CO2E_PS,Kilogrammes of CO2-equivalent per person,2016,,5.755747,,A,Normal value,3,Thousands,,,,,2,Two,,
DATAFLOW,OECD.ENV.EPI:DSD_AIR_GHG@DF_AIR_GHG(1.0),Air emissions - Greenhouse gas emissions Inventories,I,COL,Colombia,A,Annual,GHG,Greenhouse gases,_T,Total emissions excluding LULUCF,KG_CO2E_PS,Kilogrammes of CO2-equivalent per person,2016,,3.601354,,A,Normal value,3,Thousands,,,,,2,Two,,
DATAFLOW,OECD.ENV.EPI:DSD_AIR_GHG@DF_AIR_GHG(1.0),Air emissions - Greenhouse gas emissions Inventories,I,CRI,Costa Rica,A,Annual,GHG,Greenhouse gases,_T,Total emissions excluding LULUCF,KG_CO2E_PS,Kilogrammes of CO2-equivalent per person,2016,,2.92469,,A,Normal value,3,Thousands,,,,,2,Two,,
DATAFLOW,OECD.ENV.EPI:DSD_AIR_GHG@DF_AIR_GHG(1.0),Air emissions - Greenhouse gas emissions Inventories,I,CZE,Czechia,A,Annual,GHG,Greenhouse gases,_T,Total emissions excluding LULUCF,KG_CO2E_PS,Kilogrammes of CO2-equivalent per person,2016,,12.13502,,A,Normal value,3,Thousands,,,,,2,Two,,
DATAFLOW,OECD.ENV.EPI:DSD_AIR_GHG@DF_AIR_GHG(1.0),Air emissions - Greenhouse gas emissions Inventories,I,DNK,Denmark,A,Annual,GHG,Greenhouse gases,_T,Total emissions excluding LULUCF,KG_CO2E_PS,Kilogrammes of CO2-equivalent per person,2016,,9.11466,,A,Normal value,3,Thousands,,,,,2,Two,,
DATAFLOW,OECD.ENV.EPI:DSD_AIR_GHG@DF_AIR_GHG(1.0),Air emissions - Greenhouse gas emissions Inventories,I,EST,Estonia,A,Annual,GHG,Greenhouse gases,_T,Total emissions excluding LULUCF,KG_CO2E_PS,Kilogrammes of CO2-equivalent per person,2016,,14.84915,,A,Normal value,3,Thousands,,,,,2,Two,,
DATAFLOW,OECD.ENV.EPI:DSD_AIR_GHG@DF_AIR_GHG(1.0),Air emissions - Greenhouse gas emissions Inventories,I,FIN,Finland,A,Annual,GHG,Greenhouse gases,_T,Total emissions excluding LULUCF,KG_CO2E_PS,Kilogrammes of CO2-equivalent per person,2016,,10.53471,,A,Normal value,3,Thousands,,,,,2,Two,,
DATAFLOW,OECD.ENV.EPI:DSD_AIR_GHG@DF_AIR_GHG(1.0),Air emissions - Greenhouse gas emissions Inventories,I,FRA,France,A,Annual,GHG,Greenhouse gases,_T,Total emissions excluding LULUCF,KG_CO2E_PS,Kilogrammes of CO2-equivalent per person,2016,,7.093895,,A,Normal value,3,Thousands,,,,,2,Two,,
DATAFLOW,OECD.ENV.EPI:DSD_AIR_GHG@DF_AIR_GHG(1.0),Air emissions - Greenhouse gas emissions Inventories,I,DEU,Germany,A,Annual,GHG,Greenhouse gases,_T,Total emissions excluding LULUCF,KG_CO2E_PS,Kilogrammes of CO2-equivalent per person,2016,,10.84203,,A,Normal value,3,Thousands,,,,,2,Two,,
DATAFLOW,OECD.ENV.EPI:DSD_AIR_GHG@DF_AIR_GHG(1.0),Air emissions - Greenhouse gas emissions Inventories,I,GRC,Greece,A,Annual,GHG,Greenhouse gases,_T,Total emissions excluding LULUCF,KG_CO2E_PS,Kilogrammes of CO2-equivalent per person,2016,,8.574775,,A,Normal value,3,Thousands,,,,,2,Two,,
DATAFLOW,OECD.ENV.EPI:DSD_AIR_GHG@DF_AIR_GHG(1.0),Air emissions - Greenhouse gas emissions Inventories,I,HUN,Hungary,A,Annual,GHG,Greenhouse gases,_T,Total emissions excluding LULUCF,KG_CO2E_PS,Kilogrammes of CO2-equivalent per person,2016,,6.425023,,A,Normal value,3,Thousands,,,,,2,Two,,
DATAFLOW,OECD.ENV.EPI:DSD_AIR_GHG@DF_AIR_GHG(1.0),Air emissions - Greenhouse gas emissions Inventories,I,ISL,Iceland,A,Annual,GHG,Greenhouse gases,_T,Total emissions excluding LULUCF,KG_CO2E_PS,Kilogrammes of CO2-equivalent per person,2016,,14.29545,,A,Normal value,3,Thousands,,,,,2,Two,,
DATAFLOW,OECD.ENV.EPI:DSD_AIR_GHG@DF_AIR_GHG(1.0),Air emissions - Greenhouse gas emissions Inventories,I,IRL,Ireland,A,Annual,GHG,Greenhouse gases,_T,Total emissions excluding LULUCF,KG_CO2E_PS,Kilogrammes of CO2-equivalent per person,2016,,13.19347,,A,Normal value,3,Thousands,,,,,2,Two,,
DATAFLOW,OECD.ENV.EPI:DSD_AIR_GHG@DF_AIR_GHG(1.0),Air emissions - Greenhouse gas emissions Inventories,I,ISR,Israel,A,Annual,GHG,Greenhouse gases,_T,Total emissions excluding LULUCF,KG_CO2E_PS,Kilogrammes of CO2-equivalent per person,2016,,9.863239,,A,Normal value,3,Thousands,,,,,2,Two,,
DATAFLOW,OECD.ENV.EPI:DSD_AIR_GHG@DF_AIR_GHG(1.0),Air emissions - Greenhouse gas emissions Inventories,I,ITA,Italy,A,Annual,GHG,Greenhouse gases,_T,Total emissions excluding LULUCF,KG_CO2E_PS,Kilogrammes of CO2-equivalent per person,2016,,7.262397,,A,Normal value,3,Thousands,,,,,2,Two,,
DATAFLOW,OECD.ENV.EPI:DSD_AIR_GHG@DF_AIR_GHG(1.0),Air emissions - Greenhouse gas emissions Inventories,I,JPN,Japan,A,Annual,GHG,Greenhouse gases,_T,Total emissions excluding LULUCF,KG_CO2E_PS,Kilogrammes of CO2-equivalent per person,2016,,10.10148,,A,Normal value,3,Thousands,,,,,2,Two,,
DATAFLOW,OECD.ENV.EPI:DSD_AIR_GHG@DF_AIR_GHG(1.0),Air emissions - Greenhouse gas emissions Inventories,I,KOR,Korea,A,Annual,GHG,Greenhouse gases,_T,Total emissions excluding LULUCF,KG_CO2E_PS,Kilogrammes of CO2-equivalent per person,2016,,14.37503,,A,Normal value,3,Thousands,,,,,2,Two,,
DATAFLOW,OECD.ENV.EPI:DSD_AIR_GHG@DF_AIR_GHG(1.0),Air emissions - Greenhouse gas emissions Inventories,I,LVA,Latvia,A,Annual,GHG,Greenhouse gases,_T,Total emissions excluding LULUCF,KG_CO2E_PS,Kilogrammes of CO2-equivalent per person,2016,,5.48277,,A,Normal value,3,Thousands,,,,,2,Two,,
DATAFLOW,OECD.ENV.EPI:DSD_AIR_GHG@DF_AIR_GHG(1.0),Air emissions - Greenhouse gas emissions Inventories,I,LTU,Lithuania,A,Annual,GHG,Greenhouse gases,_T,Total emissions excluding LULUCF,KG_CO2E_PS,Kilogrammes of CO2-equivalent per person,2016,,6.866907,,A,Normal value,3,Thousands,,,,,2,Two,,
DATAFLOW,OECD.ENV.EPI:DSD_AIR_GHG@DF_AIR_GHG(1.0),Air emissions - Greenhouse gas emissions Inventories,I,LUX,Luxembourg,A,Annual,GHG,Greenhouse gases,_T,Total emissions excluding LULUCF,KG_CO2E_PS,Kilogrammes of CO2-equivalent per person,2016,,17.31256,,A,Normal value,3,Thousands,,,,,2,Two,,
DATAFLOW,OECD.ENV.EPI:DSD_AIR_GHG@DF_AIR_GHG(1.0),Air emissions - Greenhouse gas emissions Inventories,I,MEX,Mexico,A,Annual,GHG,Greenhouse gases,_T,Total emissions excluding LULUCF,KG_CO2E_PS,Kilogrammes of CO2-equivalent per person,2016,,6.438936,,A,Normal value,3,Thousands,,,,,2,Two,,
DATAFLOW,OECD.ENV.EPI:DSD_AIR_GHG@DF_AIR_GHG(1.0),Air emissions - Greenhouse gas emissions Inventories,I,NLD,Netherlands,A,Annual,GHG,Greenhouse gases,_T,Total emissions excluding LULUCF,KG_CO2E_PS,Kilogrammes of CO2-equivalent per person,2016,,11.32236,,A,Normal value,3,Thousands,,,,,2,Two,,
DATAFLOW,OECD.ENV.EPI:DSD_AIR_GHG@DF_AIR_GHG(1.0),Air emissions - Greenhouse gas emissions Inventories,I,NZL,New Zealand,A,Annual,GHG,Greenhouse gases,_T,Total emissions excluding LULUCF,KG_CO2E_PS,Kilogrammes of CO2-equivalent per person,2016,,17.20145,,A,Normal value,3,Thousands,,,,,2,Two,,
DATAFLOW,OECD.ENV.EPI:DSD_AIR_GHG@DF_AIR_GHG(1.0),Air emissions - Greenhouse gas emissions Inventories,I,NOR,Norway,A,Annual,GHG,Greenhouse gases,_T,Total emissions excluding LULUCF,KG_CO2E_PS,Kilogrammes of CO2-equivalent per person,2016,,10.18965,,A,Normal value,3,Thousands,,,,,2,Two,,
DATAFLOW,OECD.ENV.EPI:DSD_AIR_GHG@DF_AIR_GHG(1.0),Air emissions - Greenhouse gas emissions Inventories,I,POL,Poland,A,Annual,GHG,Greenhouse gases,_T,Total emissions excluding LULUCF,KG_CO2E_PS,Kilogrammes of CO2-equivalent per person,2016,,10.28008,,A,Normal value,3,Thousands,,,,,2,Two,,
DATAFLOW,OECD.ENV.EPI:DSD_AIR_GHG@DF_AIR_GHG(1.0),Air emissions - Greenhouse gas emissions Inventories,I,PRT,Portugal,A,Annual,GHG,Greenhouse gases,_T,Total emissions excluding LULUCF,KG_CO2E_PS,Kilogrammes of CO2-equivalent per person,2016,,6.339368,,A,Normal value,3,Thousands,,,,,2,Two,,
DATAFLOW,OECD.ENV.EPI:DSD_AIR_GHG@DF_AIR_GHG(1.0),Air emissions - Greenhouse gas emissions Inventories,I,SVK,Slovak Republic,A,Annual,GHG,Greenhouse gases,_T,Total emissions excluding LULUCF,KG_CO2E_PS,Kilogrammes of CO2-equivalent per person,2016,,7.545991,,A,Normal value,3,Thousands,,,,,2,Two,,
DATAFLOW,OECD.ENV.EPI:DSD_AIR_GHG@DF_AIR_GHG(1.0),Air emissions - Greenhouse gas emissions Inventories,I,SVN,Slovenia,A,Annual,GHG,Greenhouse gases,_T,Total emissions excluding LULUCF,KG_CO2E_PS,Kilogrammes of CO2-equivalent per person,2016,,8.603161,,A,Normal value,3,Thousands,,,,,2,Two,,
DATAFLOW,OECD.ENV.EPI:DSD_AIR_GHG@DF_AIR_GHG(1.0),Air emissions - Greenhouse gas emissions Inventories,I,ESP,Spain,A,Annual,GHG,Greenhouse gases,_T,Total emissions excluding LULUCF,KG_CO2E_PS,Kilogrammes of CO2-equivalent per person,2016,,6.855799,,A,Normal value,3,Thousands,,,,,2,Two,,
DATAFLOW,OECD.ENV.EPI:DSD_AIR_GHG@DF_AIR_GHG(1.0),Air emissions - Greenhouse gas emissions Inventories,I,SWE,Sweden,A,Annual,GHG,Greenhouse gases,_T,Total emissions excluding LULUCF,KG_CO2E_PS,Kilogrammes of CO2-equivalent per person,2016,,5.360955,,A,Normal value,3,Thousands,,,,,2,Two,,
DATAFLOW,OECD.ENV.EPI:DSD_AIR_GHG@DF_AIR_GHG(1.0),Air emissions - Greenhouse gas emissions Inventories,I,CHE,Switzerland,A,Annual,GHG,Greenhouse gases,_T,Total emissions excluding LULUCF,KG_CO2E_PS,Kilogrammes of CO2-equivalent per person,2016,,5.892591,,A,Normal value,3,Thousands,,,,,2,Two,,
DATAFLOW,OECD.ENV.EPI:DSD_AIR_GHG@DF_AIR_GHG(1.0),Air emissions - Greenhouse gas emissions Inventories,I,TUR,Türkiye,A,Annual,GHG,Greenhouse gases,_T,Total emissions excluding LULUCF,KG_CO2E_PS,Kilogrammes of CO2-equivalent per person,2016,,6.184704,,A,Normal value,3,Thousands,,,,,2,Two,,
DATAFLOW,OECD.ENV.EPI:DSD_AIR_GHG@DF_AIR_GHG(1.0),Air emissions - Greenhouse gas emissions Inventories,I,GBR,United Kingdom,A,Annual,GHG,Greenhouse gases,_T,Total emissions excluding LULUCF,KG_CO2E_PS,Kilogrammes of CO2-equivalent per person,2016,,7.366669,,A,Normal value,3,Thousands,,,,,2,Two,,
DATAFLOW,OECD.ENV.EPI:DSD_AIR_GHG@DF_AIR_GHG(1.0),Air emissions - Greenhouse gas emissions Inventories,I,USA,United States,A,Annual,GHG,Greenhouse gases,_T,Total emissions excluding LULUCF,KG_CO2E_PS,Kilogrammes of CO2-equivalent per person,2016,,19.98921,,A,Normal value,3,Thousands,,,,,2,Two,,
DATAFLOW,OECD.ENV.EPI:DSD_AIR_GHG@DF_AIR_GHG(1.0),Air emissions - Greenhouse gas emissions Inventories,I,EU27_2020,European Union (27 countries from 01/02/2020),A,Annual,GHG,Greenhouse gases,_T,Total emissions excluding LULUCF,KG_CO2E_PS,Kilogrammes of CO2-equivalent per person,2016,,8.554728,,A,Normal value,3,Thousands,,,,,2,Two,,
DATAFLOW,OECD.ENV.EPI:DSD_AIR_GHG@DF_AIR_GHG(1.0),Air emissions - Greenhouse gas emissions Inventories,I,DZA,Algeria,A,Annual,GHG,Greenhouse gases,_T,Total emissions excluding LULUCF,KG_CO2E_PS,Kilogrammes of CO2-equivalent per person,2016,,5.054544,,A,Normal value,3,Thousands,,,,,2,Two,,
DATAFLOW,OECD.ENV.EPI:DSD_AIR_GHG@DF_AIR_GHG(1.0),Air emissions - Greenhouse gas emissions Inventories,I,ARG,Argentina,A,Annual,GHG,Greenhouse gases,_T,Total emissions excluding LULUCF,KG_CO2E_PS,Kilogrammes of CO2-equivalent per person,2016,,7.859378,,A,Normal value,3,Thousands,,,,,2,Two,,
DATAFLOW,OECD.ENV.EPI:DSD_AIR_GHG@DF_AIR_GHG(1.0),Air emissions - Greenhouse gas emissions Inventories,I,BLR,Belarus,A,Annual,GHG,Greenhouse gases,_T,Total emissions excluding LULUCF,KG_CO2E_PS,Kilogrammes of CO2-equivalent per person,2016,,9.244925,,A,Normal value,3,Thousands,,,,,2,Two,,
DATAFLOW,OECD.ENV.EPI:DSD_AIR_GHG@DF_AIR_GHG(1.0),Air emissions - Greenhouse gas emissions Inventories,I,BRA,Brazil,A,Annual,GHG,Greenhouse gases,_T,Total emissions excluding LULUCF,KG_CO2E_PS,Kilogrammes of CO2-equivalent per person,2016,,5.744674,,A,Normal value,3,Thousands,,,,,2,Two,,
DATAFLOW,OECD.ENV.EPI:DSD_AIR_GHG@DF_AIR_GHG(1.0),Air emissions - Greenhouse gas emissions Inventories,I,BRN,Brunei Darussalam,A,Annual,GHG,Greenhouse gases,_T,Total emissions excluding LULUCF,KG_CO2E_PS,Kilogrammes of CO2-equivalent per person,2016,,27.08624,,A,Normal value,3,Thousands,,,,,2,Two,,
DATAFLOW,OECD.ENV.EPI:DSD_AIR_GHG@DF_AIR_GHG(1.0),Air emissions - Greenhouse gas emissions Inventories,I,BGR,Bulgaria,A,Annual,GHG,Greenhouse gases,_T,Total emissions excluding LULUCF,KG_CO2E_PS,Kilogrammes of CO2-equivalent per person,2016,,8.108453,,A,Normal value,3,Thousands,,,,,2,Two,,
DATAFLOW,OECD.ENV.EPI:DSD_AIR_GHG@DF_AIR_GHG(1.0),Air emissions - Greenhouse gas emissions Inventories,I,CIV,Côte d’Ivoire,A,Annual,GHG,Greenhouse gases,_T,Total emissions excluding LULUCF,KG_CO2E_PS,Kilogrammes of CO2-equivalent per person,2016,,1.795058,,A,Normal value,3,Thousands,,,,,2,Two,,
DATAFLOW,OECD.ENV.EPI:DSD_AIR_GHG@DF_AIR_GHG(1.0),Air emissions - Greenhouse gas emissions Inventories,I,HRV,Croatia,A,Annual,GHG,Greenhouse gases,_T,Total emissions excluding LULUCF,KG_CO2E_PS,Kilogrammes of CO2-equivalent per person,2016,,6.025329,,A,Normal value,3,Thousands,,,,,2,Two,,
DATAFLOW,OECD.ENV.EPI:DSD_AIR_GHG@DF_AIR_GHG(1.0),Air emissions - Greenhouse gas emissions Inventories,I,CUB,Cuba,A,Annual,GHG,Greenhouse gases,_T,Total emissions excluding LULUCF,KG_CO2E_PS,Kilogrammes of CO2-equivalent per person,2016,,5.114254,,A,Normal value,3,Thousands,,,,,2,Two,,
DATAFLOW,OECD.ENV.EPI:DSD_AIR_GHG@DF_AIR_GHG(1.0),Air emissions - Greenhouse gas emissions Inventories,I,CYP,Cyprus,A,Annual,GHG,Greenhouse gases,_T,Total emissions excluding LULUCF,KG_CO2E_PS,Kilogrammes of CO2-equivalent per person,2016,,7.082761,,A,Normal value,3,Thousands,,,,,2,Two,,
DATAFLOW,OECD.ENV.EPI:DSD_AIR_GHG@DF_AIR_GHG(1.0),Air emissions - Greenhouse gas emissions Inventories,I,EGY,Egypt,A,Annual,GHG,Greenhouse gases,_T,Total emissions excluding LULUCF,KG_CO2E_PS,Kilogrammes of CO2-equivalent per person,2016,,3.422747,,A,Normal value,3,Thousands,,,,,2,Two,,
DATAFLOW,OECD.ENV.EPI:DSD_AIR_GHG@DF_AIR_GHG(1.0),Air emissions - Greenhouse gas emissions Inventories,I,GEO,Georgia,A,Annual,GHG,Greenhouse gases,_T,Total emissions excluding LULUCF,KG_CO2E_PS,Kilogrammes of CO2-equivalent per person,2016,,4.921393,,A,Normal value,3,Thousands,,,,,2,Two,,
DATAFLOW,OECD.ENV.EPI:DSD_AIR_GHG@DF_AIR_GHG(1.0),Air emissions - Greenhouse gas emissions Inventories,I,GHA,Ghana,A,Annual,GHG,Greenhouse gases,_T,Total emissions excluding LULUCF,KG_CO2E_PS,Kilogrammes of CO2-equivalent per person,2016,,1.189614,,A,Normal value,3,Thousands,,,,,2,Two,,
DATAFLOW,OECD.ENV.EPI:DSD_AIR_GHG@DF_AIR_GHG(1.0),Air emissions - Greenhouse gas emissions Inventories,I,GTM,Guatemala,A,Annual,GHG,Greenhouse gases,_T,Total emissions excluding LULUCF,KG_CO2E_PS,Kilogrammes of CO2-equivalent per person,2016,,1.926159,,A,Normal value,3,Thousands,,,,,2,Two,,
DATAFLOW,OECD.ENV.EPI:DSD_AIR_GHG@DF_AIR_GHG(1.0),Air emissions - Greenhouse gas emissions Inventories,I,GNB,Guinea-Bissau,A,Annual,GHG,Greenhouse gases,_T,Total emissions excluding LULUCF,KG_CO2E_PS,Kilogrammes of CO2-equivalent per person,2016,,0.7221428,,A,Normal value,3,Thousands,,,,,2,Two,,
DATAFLOW,OECD.ENV.EPI:DSD_AIR_GHG@DF_AIR_GHG(1.0),Air emissions - Greenhouse gas emissions Inventories,I,GUY,Guyana,A,Annual,GHG,Greenhouse gases,_T,Total emissions excluding LULUCF,KG_CO2E_PS,Kilogrammes of CO2-equivalent per person,2016,,6.111522,,A,Normal value,3,Thousands,,,,,2,Two,,
DATAFLOW,OECD.ENV.EPI:DSD_AIR_GHG@DF_AIR_GHG(1.0),Air emissions - Greenhouse gas emissions Inventories,I,VAT,Holy See,A,Annual,GHG,Greenhouse gases,_T,Total emissions excluding LULUCF,KG_CO2E_PS,Kilogrammes of CO2-equivalent per person,2016,,29.30915,,A,Normal value,3,Thousands,,,,,2,Two,,
DATAFLOW,OECD.ENV.EPI:DSD_AIR_GHG@DF_AIR_GHG(1.0),Air emissions - Greenhouse gas emissions Inventories,I,IND,India,A,Annual,GHG,Greenhouse gases,_T,Total emissions excluding LULUCF,KG_CO2E_PS,Kilogrammes of CO2-equivalent per person,2016,,2.112755,,A,Normal value,3,Thousands,,,,,2,Two,,
DATAFLOW,OECD.ENV.EPI:DSD_AIR_GHG@DF_AIR_GHG(1.0),Air emissions - Greenhouse gas emissions Inventories,I,IDN,Indonesia,A,Annual,GHG,Greenhouse gases,_T,Total emissions excluding LULUCF,KG_CO2E_PS,Kilogrammes of CO2-equivalent per person,2016,,3.093477,,A,Normal value,3,Thousands,,,,,2,Two,,
DATAFLOW,OECD.ENV.EPI:DSD_AIR_GHG@DF_AIR_GHG(1.0),Air emissions - Greenhouse gas emissions Inventories,I,KAZ,Kazakhstan,A,Annual,GHG,Greenhouse gases,_T,Total emissions excluding LULUCF,KG_CO2E_PS,Kilogrammes of CO2-equivalent per person,2016,,20.0808,,A,Normal value,3,Thousands,,,,,2,Two,,
DATAFLOW,OECD.ENV.EPI:DSD_AIR_GHG@DF_AIR_GHG(1.0),Air emissions - Greenhouse gas emissions Inventories,I,KEN,Kenya,A,Annual,GHG,Greenhouse gases,_T,Total emissions excluding LULUCF,KG_CO2E_PS,Kilogrammes of CO2-equivalent per person,2016,,1.255773,,A,Normal value,3,Thousands,,,,,2,Two,,
DATAFLOW,OECD.ENV.EPI:DSD_AIR_GHG@DF_AIR_GHG(1.0),Air emissions - Greenhouse gas emissions Inventories,I,LIE,Liechtenstein,A,Annual,GHG,Greenhouse gases,_T,Total emissions excluding LULUCF,KG_CO2E_PS,Kilogrammes of CO2-equivalent per person,2016,,4.973462,,A,Normal value,3,Thousands,,,,,2,Two,,
DATAFLOW,OECD.ENV.EPI:DSD_AIR_GHG@DF_AIR_GHG(1.0),Air emissions - Greenhouse gas emissions Inventories,I,MYS,Malaysia,A,Annual,GHG,Greenhouse gases,_T,Total emissions excluding LULUCF,KG_CO2E_PS,Kilogrammes of CO2-equivalent per person,2016,,10.00872,,A,Normal value,3,Thousands,,,,,2,Two,,
DATAFLOW,OECD.ENV.EPI:DSD_AIR_GHG@DF_AIR_GHG(1.0),Air emissions - Greenhouse gas emissions Inventories,I,MDV,Maldives,A,Annual,GHG,Greenhouse gases,_T,Total emissions excluding LULUCF,KG_CO2E_PS,Kilogrammes of CO2-equivalent per person,2016,,3.767199,,A,Normal value,3,Thousands,,,,,2,Two,,
DATAFLOW,OECD.ENV.EPI:DSD_AIR_GHG@DF_AIR_GHG(1.0),Air emissions - Greenhouse gas emissions Inventories,I,MLT,Malta,A,Annual,GHG,Greenhouse gases,_T,Total emissions excluding LULUCF,KG_CO2E_PS,Kilogrammes of CO2-equivalent per person,2016,,4.067336,,A,Normal value,3,Thousands,,,,,2,Two,,
DATAFLOW,OECD.ENV.EPI:DSD_AIR_GHG@DF_AIR_GHG(1.0),Air emissions - Greenhouse gas emissions Inventories,I,MUS,Mauritius,A,Annual,GHG,Greenhouse gases,_T,Total emissions excluding LULUCF,KG_CO2E_PS,Kilogrammes of CO2-equivalent per person,2016,,4.154706,,A,Normal value,3,Thousands,,,,,2,Two,,
DATAFLOW,OECD.ENV.EPI:DSD_AIR_GHG@DF_AIR_GHG(1.0),Air emissions - Greenhouse gas emissions Inventories,I,MDA,Moldova,A,Annual,GHG,Greenhouse gases,_T,Total emissions excluding LULUCF,KG_CO2E_PS,Kilogrammes of CO2-equivalent per person,2016,,4.138269,,A,Normal value,3,Thousands,,,,,2,Two,,
DATAFLOW,OECD.ENV.EPI:DSD_AIR_GHG@DF_AIR_GHG(1.0),Air emissions - Greenhouse gas emissions Inventories,I,MCO,Monaco,A,Annual,GHG,Greenhouse gases,_T,Total emissions excluding LULUCF,KG_CO2E_PS,Kilogrammes of CO2-equivalent per person,2016,,2.329862,,A,Normal value,3,Thousands,,,,,2,Two,,
DATAFLOW,OECD.ENV.EPI:DSD_AIR_GHG@DF_AIR_GHG(1.0),Air emissions - Greenhouse gas emissions Inventories,I,MAR,Morocco,A,Annual,GHG,Greenhouse gases,_T,Total emissions excluding LULUCF,KG_CO2E_PS,Kilogrammes of CO2-equivalent per person,2016,,2.473351,,A,Normal value,3,Thousands,,,,,2,Two,,
DATAFLOW,OECD.ENV.EPI:DSD_AIR_GHG@DF_AIR_GHG(1.0),Air emissions - Greenhouse gas emissions Inventories,I,NAM,Namibia,A,Annual,GHG,Greenhouse gases,_T,Total emissions excluding LULUCF,KG_CO2E_PS,Kilogrammes of CO2-equivalent per person,2016,,5.007187,,A,Normal value,3,Thousands,,,,,2,Two,,
DATAFLOW,OECD.ENV.EPI:DSD_AIR_GHG@DF_AIR_GHG(1.0),Air emissions - Greenhouse gas emissions Inventories,I,NPL,Nepal,A,Annual,GHG,Greenhouse gases,_T,Total emissions excluding LULUCF,KG_CO2E_PS,Kilogrammes of CO2-equivalent per person,2016,,1.544541,,A,Normal value,3,Thousands,,,,,2,Two,,
DATAFLOW,OECD.ENV.EPI:DSD_AIR_GHG@DF_AIR_GHG(1.0),Air emissions - Greenhouse gas emissions Inventories,I,NGA,Nigeria,A,Annual,GHG,Greenhouse gases,_T,Total emissions excluding LULUCF,KG_CO2E_PS,Kilogrammes of CO2-equivalent per person,2016,,1.523554,,A,Normal value,3,Thousands,,,,,2,Two,,
DATAFLOW,OECD.ENV.EPI:DSD_AIR_GHG@DF_AIR_GHG(1.0),Air emissions - Greenhouse gas emissions Inventories,I,PAN,Panama,A,Annual,GHG,Greenhouse gases,_T,Total emissions excluding LULUCF,KG_CO2E_PS,Kilogrammes of CO2-equivalent per person,2016,,4.467756,,A,Normal value,3,Thousands,,,,,2,Two,,
DATAFLOW,OECD.ENV.EPI:DSD_AIR_GHG@DF_AIR_GHG(1.0),Air emissions - Greenhouse gas emissions Inventories,I,ROU,Romania,A,Annual,GHG,Greenhouse gases,_T,Total emissions excluding LULUCF,KG_CO2E_PS,Kilogrammes of CO2-equivalent per person,2016,,5.806685,,A,Normal value,3,Thousands,,,,,2,Two,,
DATAFLOW,OECD.ENV.EPI:DSD_AIR_GHG@DF_AIR_GHG(1.0),Air emissions - Greenhouse gas emissions Inventories,I,RUS,Russia,A,Annual,GHG,Greenhouse gases,_T,Total emissions excluding LULUCF,KG_CO2E_PS,Kilogrammes of CO2-equivalent per person,2016,,13.45777,,A,Normal value,3,Thousands,,,,,2,Two,,
DATAFLOW,OECD.ENV.EPI:DSD_AIR_GHG@DF_AIR_GHG(1.0),Air emissions - Greenhouse gas emissions Inventories,I,SRB,Serbia,A,Annual,GHG,Greenhouse gases,_T,Total emissions excluding LULUCF,KG_CO2E_PS,Kilogrammes of CO2-equivalent per person,2016,,9.027099,,A,Normal value,3,Thousands,,,,,2,Two,,
DATAFLOW,OECD.ENV.EPI:DSD_AIR_GHG@DF_AIR_GHG(1.0),Air emissions - Greenhouse gas emissions Inventories,I,ZAF,South Africa,A,Annual,GHG,Greenhouse gases,_T,Total emissions excluding LULUCF,KG_CO2E_PS,Kilogrammes of CO2-equivalent per person,2016,,8.87429,,A,Normal value,3,Thousands,,,,,2,Two,,
DATAFLOW,OECD.ENV.EPI:DSD_AIR_GHG@DF_AIR_GHG(1.0),Air emissions - Greenhouse gas emissions Inventories,I,UKR,Ukraine,A,Annual,GHG,Greenhouse gases,_T,Total emissions excluding LULUCF,KG_CO2E_PS,Kilogrammes of CO2-equivalent per person,2016,,7.525199,,A,Normal value,3,Thousands,,,,,2,Two,,
DATAFLOW,OECD.ENV.EPI:DSD_AIR_GHG@DF_AIR_GHG(1.0),Air emissions - Greenhouse gas emissions Inventories,I,UZB,Uzbekistan,A,Annual,GHG,Greenhouse gases,_T,Total emissions excluding LULUCF,KG_CO2E_PS,Kilogrammes of CO2-equivalent per person,2016,,5.477135,,A,Normal value,3,Thousands,,,,,2,Two,,
DATAFLOW,OECD.ENV.EPI:DSD_AIR_GHG@DF_AIR_GHG(1.0),Air emissions - Greenhouse gas emissions Inventories,I,VEN,Venezuela,A,Annual,GHG,Greenhouse gases,_T,Total emissions excluding LULUCF,KG_CO2E_PS,Kilogrammes of CO2-equivalent per person,2016,,7.393056,,A,Normal value,3,Thousands,,,,,2,Two,,
DATAFLOW,OECD.ENV.EPI:DSD_AIR_GHG@DF_AIR_GHG(1.0),Air emissions - Greenhouse gas emissions Inventories,I,AUS,Australia,A,Annual,GHG,Greenhouse gases,_T,Total emissions excluding LULUCF,KG_CO2E_PS,Kilogrammes of CO2-equivalent per person,2021,,20.40214,,A,Normal value,3,Thousands,,,,,2,Two,,
DATAFLOW,OECD.ENV.EPI:DSD_AIR_GHG@DF_AIR_GHG(1.0),Air emissions - Greenhouse gas emissions Inventories,I,AUT,Austria,A,Annual,GHG,Greenhouse gases,_T,Total emissions excluding LULUCF,KG_CO2E_PS,Kilogrammes of CO2-equivalent per person,2021,,8.706675,,A,Normal value,3,Thousands,,,,,2,Two,,
DATAFLOW,OECD.ENV.EPI:DSD_AIR_GHG@DF_AIR_GHG(1.0),Air emissions - Greenhouse gas emissions Inventories,I,BEL,Belgium,A,Annual,GHG,Greenhouse gases,_T,Total emissions excluding LULUCF,KG_CO2E_PS,Kilogrammes of CO2-equivalent per person,2021,,9.486282,,A,Normal value,3,Thousands,,,,,2,Two,,
DATAFLOW,OECD.ENV.EPI:DSD_AIR_GHG@DF_AIR_GHG(1.0),Air emissions - Greenhouse gas emissions Inventories,I,CAN,Canada,A,Annual,GHG,Greenhouse gases,_T,Total emissions excluding LULUCF,KG_CO2E_PS,Kilogrammes of CO2-equivalent per person,2021,,18.03644,,A,Normal value,3,Thousands,,,,,2,Two,,
DATAFLOW,OECD.ENV.EPI:DSD_AIR_GHG@DF_AIR_GHG(1.0),Air emissions - Greenhouse gas emissions Inventories,I,CHL,Chile,A,Annual,GHG,Greenhouse gases,_T,Total emissions excluding LULUCF,KG_CO2E_PS,Kilogrammes of CO2-equivalent per person,2021,,5.687362,,A,Normal value,3,Thousands,,,,,2,Two,,
DATAFLOW,OECD.ENV.EPI:DSD_AIR_GHG@DF_AIR_GHG(1.0),Air emissions - Greenhouse gas emissions Inventories,I,COL,Colombia,A,Annual,GHG,Greenhouse gases,_T,Total emissions excluding LULUCF,KG_CO2E_PS,Kilogrammes of CO2-equivalent per person,2021,,3.584791,,A,Normal value,3,Thousands,,,,,2,Two,,
DATAFLOW,OECD.ENV.EPI:DSD_AIR_GHG@DF_AIR_GHG(1.0),Air emissions - Greenhouse gas emissions Inventories,I,CRI,Costa Rica,A,Annual,GHG,Greenhouse gases,_T,Total emissions excluding LULUCF,KG_CO2E_PS,Kilogrammes of CO2-equivalent per person,2021,,3.192774,,A,Normal value,3,Thousands,,,,,2,Two,,
DATAFLOW,OECD.ENV.EPI:DSD_AIR_GHG@DF_AIR_GHG(1.0),Air emissions - Greenhouse gas emissions Inventories,I,CZE,Czechia,A,Annual,GHG,Greenhouse gases,_T,Total emissions excluding LULUCF,KG_CO2E_PS,Kilogrammes of CO2-equivalent per person,2021,,11.09741,,A,Normal value,3,Thousands,,,,,2,Two,,
DATAFLOW,OECD.ENV.EPI:DSD_AIR_GHG@DF_AIR_GHG(1.0),Air emissions - Greenhouse gas emissions Inventories,I,DNK,Denmark,A,Annual,GHG,Greenhouse gases,_T,Total emissions excluding LULUCF,KG_CO2E_PS,Kilogrammes of CO2-equivalent per person,2021,,7.524057,,A,Normal value,3,Thousands,,,,,2,Two,,
DATAFLOW,OECD.ENV.EPI:DSD_AIR_GHG@DF_AIR_GHG(1.0),Air emissions - Greenhouse gas emissions Inventories,I,EST,Estonia,A,Annual,GHG,Greenhouse gases,_T,Total emissions excluding LULUCF,KG_CO2E_PS,Kilogrammes of CO2-equivalent per person,2021,,9.437351,,A,Normal value,3,Thousands,,,,,2,Two,,
DATAFLOW,OECD.ENV.EPI:DSD_AIR_GHG@DF_AIR_GHG(1.0),Air emissions - Greenhouse gas emissions Inventories,I,FIN,Finland,A,Annual,GHG,Greenhouse gases,_T,Total emissions excluding LULUCF,KG_CO2E_PS,Kilogrammes of CO2-equivalent per person,2021,,8.616688,,A,Normal value,3,Thousands,,,,,2,Two,,
DATAFLOW,OECD.ENV.EPI:DSD_AIR_GHG@DF_AIR_GHG(1.0),Air emissions - Greenhouse gas emissions Inventories,I,FRA,France,A,Annual,GHG,Greenhouse gases,_T,Total emissions excluding LULUCF,KG_CO2E_PS,Kilogrammes of CO2-equivalent per person,2021,,6.340007,,A,Normal value,3,Thousands,,,,,2,Two,,
DATAFLOW,OECD.ENV.EPI:DSD_AIR_GHG@DF_AIR_GHG(1.0),Air emissions - Greenhouse gas emissions Inventories,I,DEU,Germany,A,Annual,GHG,Greenhouse gases,_T,Total emissions excluding LULUCF,KG_CO2E_PS,Kilogrammes of CO2-equivalent per person,2021,,9.097411,,A,Normal value,3,Thousands,,,,,2,Two,,
DATAFLOW,OECD.ENV.EPI:DSD_AIR_GHG@DF_AIR_GHG(1.0),Air emissions - Greenhouse gas emissions Inventories,I,GRC,Greece,A,Annual,GHG,Greenhouse gases,_T,Total emissions excluding LULUCF,KG_CO2E_PS,Kilogrammes of CO2-equivalent per person,2021,,7.373946,,A,Normal value,3,Thousands,,,,,2,Two,,
DATAFLOW,OECD.ENV.EPI:DSD_AIR_GHG@DF_AIR_GHG(1.0),Air emissions - Greenhouse gas emissions Inventories,I,HUN,Hungary,A,Annual,GHG,Greenhouse gases,_T,Total emissions excluding LULUCF,KG_CO2E_PS,Kilogrammes of CO2-equivalent per person,2021,,6.594334,,A,Normal value,3,Thousands,,,,,2,Two,,
DATAFLOW,OECD.ENV.EPI:DSD_AIR_GHG@DF_AIR_GHG(1.0),Air emissions - Greenhouse gas emissions Inventories,I,ISL,Iceland,A,Annual,GHG,Greenhouse gases,_T,Total emissions excluding LULUCF,KG_CO2E_PS,Kilogrammes of CO2-equivalent per person,2021,,12.69083,,A,Normal value,3,Thousands,,,,,2,Two,,
DATAFLOW,OECD.ENV.EPI:DSD_AIR_GHG@DF_AIR_GHG(1.0),Air emissions - Greenhouse gas emissions Inventories,I,IRL,Ireland,A,Annual,GHG,Greenhouse gases,_T,Total emissions excluding LULUCF,KG_CO2E_PS,Kilogrammes of CO2-equivalent per person,2021,,11.97744,,A,Normal value,3,Thousands,,,,,2,Two,,
DATAFLOW,OECD.ENV.EPI:DSD_AIR_GHG@DF_AIR_GHG(1.0),Air emissions - Greenhouse gas emissions Inventories,I,ISR,Israel,A,Annual,GHG,Greenhouse gases,_T,Total emissions excluding LULUCF,KG_CO2E_PS,Kilogrammes of CO2-equivalent per person,2021,,8.810757,,A,Normal value,3,Thousands,,,,,2,Two,,
DATAFLOW,OECD.ENV.EPI:DSD_AIR_GHG@DF_AIR_GHG(1.0),Air emissions - Greenhouse gas emissions Inventories,I,ITA,Italy,A,Annual,GHG,Greenhouse gases,_T,Total emissions excluding LULUCF,KG_CO2E_PS,Kilogrammes of CO2-equivalent per person,2021,,6.885666,,A,Normal value,3,Thousands,,,,,2,Two,,
DATAFLOW,OECD.ENV.EPI:DSD_AIR_GHG@DF_AIR_GHG(1.0),Air emissions - Greenhouse gas emissions Inventories,I,JPN,Japan,A,Annual,GHG,Greenhouse gases,_T,Total emissions excluding LULUCF,KG_CO2E_PS,Kilogrammes of CO2-equivalent per person,2021,,9.108153,,A,Normal value,3,Thousands,,,,,2,Two,,
DATAFLOW,OECD.ENV.EPI:DSD_AIR_GHG@DF_AIR_GHG(1.0),Air emissions - Greenhouse gas emissions Inventories,I,KOR,Korea,A,Annual,GHG,Greenhouse gases,_T,Total emissions excluding LULUCF,KG_CO2E_PS,Kilogrammes of CO2-equivalent per person,2021,,14.29121,,A,Normal value,3,Thousands,,,,,2,Two,,
DATAFLOW,OECD.ENV.EPI:DSD_AIR_GHG@DF_AIR_GHG(1.0),Air emissions - Greenhouse gas emissions Inventories,I,LVA,Latvia,A,Annual,GHG,Greenhouse gases,_T,Total emissions excluding LULUCF,KG_CO2E_PS,Kilogrammes of CO2-equivalent per person,2021,,5.681176,,A,Normal value,3,Thousands,,,,,2,Two,,
DATAFLOW,OECD.ENV.EPI:DSD_AIR_GHG@DF_AIR_GHG(1.0),Air emissions - Greenhouse gas emissions Inventories,I,LTU,Lithuania,A,Annual,GHG,Greenhouse gases,_T,Total emissions excluding LULUCF,KG_CO2E_PS,Kilogrammes of CO2-equivalent per person,2021,,7.056945,,A,Normal value,3,Thousands,,,,,2,Two,,
DATAFLOW,OECD.ENV.EPI:DSD_AIR_GHG@DF_AIR_GHG(1.0),Air emissions - Greenhouse gas emissions Inventories,I,LUX,Luxembourg,A,Annual,GHG,Greenhouse gases,_T,Total emissions excluding LULUCF,KG_CO2E_PS,Kilogrammes of CO2-equivalent per person,2021,,14.68809,,A,Normal value,3,Thousands,,,,,2,Two,,
DATAFLOW,OECD.ENV.EPI:DSD_AIR_GHG@DF_AIR_GHG(1.0),Air emissions - Greenhouse gas emissions Inventories,I,MEX,Mexico,A,Annual,GHG,Greenhouse gases,_T,Total emissions excluding LULUCF,KG_CO2E_PS,Kilogrammes of CO2-equivalent per person,2021,,5.632792,,A,Normal value,3,Thousands,,,,,2,Two,,
DATAFLOW,OECD.ENV.EPI:DSD_AIR_GHG@DF_AIR_GHG(1.0),Air emissions - Greenhouse gas emissions Inventories,I,NLD,Netherlands,A,Annual,GHG,Greenhouse gases,_T,Total emissions excluding LULUCF,KG_CO2E_PS,Kilogrammes of CO2-equivalent per person,2021,,9.402311,,A,Normal value,3,Thousands,,,,,2,Two,,
DATAFLOW,OECD.ENV.EPI:DSD_AIR_GHG@DF_AIR_GHG(1.0),Air emissions - Greenhouse gas emissions Inventories,I,NZL,New Zealand,A,Annual,GHG,Greenhouse gases,_T,Total emissions excluding LULUCF,KG_CO2E_PS,Kilogrammes of CO2-equivalent per person,2021,,16.02921,,A,Normal value,3,Thousands,,,,,2,Two,,
DATAFLOW,OECD.ENV.EPI:DSD_AIR_GHG@DF_AIR_GHG(1.0),Air emissions - Greenhouse gas emissions Inventories,I,NOR,Norway,A,Annual,GHG,Greenhouse gases,_T,Total emissions excluding LULUCF,KG_CO2E_PS,Kilogrammes of CO2-equivalent per person,2021,,9.105592,,A,Normal value,3,Thousands,,,,,2,Two,,
DATAFLOW,OECD.ENV.EPI:DSD_AIR_GHG@DF_AIR_GHG(1.0),Air emissions - Greenhouse gas emissions Inventories,I,POL,Poland,A,Annual,GHG,Greenhouse gases,_T,Total emissions excluding LULUCF,KG_CO2E_PS,Kilogrammes of CO2-equivalent per person,2021,,10.48352,,A,Normal value,3,Thousands,,,,,2,Two,,
DATAFLOW,OECD.ENV.EPI:DSD_AIR_GHG@DF_AIR_GHG(1.0),Air emissions - Greenhouse gas emissions Inventories,I,PRT,Portugal,A,Annual,GHG,Greenhouse gases,_T,Total emissions excluding LULUCF,KG_CO2E_PS,Kilogrammes of CO2-equivalent per person,2021,,5.388249,,A,Normal value,3,Thousands,,,,,2,Two,,
DATAFLOW,OECD.ENV.EPI:DSD_AIR_GHG@DF_AIR_GHG(1.0),Air emissions - Greenhouse gas emissions Inventories,I,SVK,Slovak Republic,A,Annual,GHG,Greenhouse gases,_T,Total emissions excluding LULUCF,KG_CO2E_PS,Kilogrammes of CO2-equivalent per person,2021,,7.510327,,A,Normal value,3,Thousands,,,,,2,Two,,
DATAFLOW,OECD.ENV.EPI:DSD_AIR_GHG@DF_AIR_GHG(1.0),Air emissions - Greenhouse gas emissions Inventories,I,SVN,Slovenia,A,Annual,GHG,Greenhouse gases,_T,Total emissions excluding LULUCF,KG_CO2E_PS,Kilogrammes of CO2-equivalent per person,2021,,7.593741,,A,Normal value,3,Thousands,,,,,2,Two,,
DATAFLOW,OECD.ENV.EPI:DSD_AIR_GHG@DF_AIR_GHG(1.0),Air emissions - Greenhouse gas emissions Inventories,I,ESP,Spain,A,Annual,GHG,Greenhouse gases,_T,Total emissions excluding LULUCF,KG_CO2E_PS,Kilogrammes of CO2-equivalent per person,2021,,6.024189,,A,Normal value,3,Thousands,,,,,2,Two,,
DATAFLOW,OECD.ENV.EPI:DSD_AIR_GHG@DF_AIR_GHG(1.0),Air emissions - Greenhouse gas emissions Inventories,I,SWE,Sweden,A,Annual,GHG,Greenhouse gases,_T,Total emissions excluding LULUCF,KG_CO2E_PS,Kilogrammes of CO2-equivalent per person,2021,,4.581526,,A,Normal value,3,Thousands,,,,,2,Two,,
DATAFLOW,OECD.ENV.EPI:DSD_AIR_GHG@DF_AIR_GHG(1.0),Air emissions - Greenhouse gas emissions Inventories,I,CHE,Switzerland,A,Annual,GHG,Greenhouse gases,_T,Total emissions excluding LULUCF,KG_CO2E_PS,Kilogrammes of CO2-equivalent per person,2021,,5.209583,,A,Normal value,3,Thousands,,,,,2,Two,,
DATAFLOW,OECD.ENV.EPI:DSD_AIR_GHG@DF_AIR_GHG(1.0),Air emissions - Greenhouse gas emissions Inventories,I,TUR,Türkiye,A,Annual,GHG,Greenhouse gases,_T,Total emissions excluding LULUCF,KG_CO2E_PS,Kilogrammes of CO2-equivalent per person,2021,,6.622971,,A,Normal value,3,Thousands,,,,,2,Two,,
DATAFLOW,OECD.ENV.EPI:DSD_AIR_GHG@DF_AIR_GHG(1.0),Air emissions - Greenhouse gas emissions Inventories,I,GBR,United Kingdom,A,Annual,GHG,Greenhouse gases,_T,Total emissions excluding LULUCF,KG_CO2E_PS,Kilogrammes of CO2-equivalent per person,2021,,6.265779,,A,Normal value,3,Thousands,,,,,2,Two,,
DATAFLOW,OECD.ENV.EPI:DSD_AIR_GHG@DF_AIR_GHG(1.0),Air emissions - Greenhouse gas emissions Inventories,I,USA,United States,A,Annual,GHG,Greenhouse gases,_T,Total emissions excluding LULUCF,KG_CO2E_PS,Kilogrammes of CO2-equivalent per person,2021,,18.60527,,A,Normal value,3,Thousands,,,,,2,Two,,
DATAFLOW,OECD.ENV.EPI:DSD_AIR_GHG@DF_AIR_GHG(1.0),Air emissions - Greenhouse gas emissions Inventories,I,EU27_2020,European Union (27 countries from 01/02/2020),A,Annual,GHG,Greenhouse gases,_T,Total emissions excluding LULUCF,KG_CO2E_PS,Kilogrammes of CO2-equivalent per person,2021,,7.729795,,A,Normal value,3,Thousands,,,,,2,Two,,
DATAFLOW,OECD.ENV.EPI:DSD_AIR_GHG@DF_AIR_GHG(1.0),Air emissions - Greenhouse gas emissions Inventories,I,DZA,Algeria,A,Annual,GHG,Greenhouse gases,_T,Total emissions excluding LULUCF,KG_CO2E_PS,Kilogrammes of CO2-equivalent per person,2021,,5.380772,,A,Normal value,3,Thousands,,,,,2,Two,,
DATAFLOW,OECD.ENV.EPI:DSD_AIR_GHG@DF_AIR_GHG(1.0),Air emissions - Greenhouse gas emissions Inventories,I,ARG,Argentina,A,Annual,GHG,Greenhouse gases,_T,Total emissions excluding LULUCF,KG_CO2E_PS,Kilogrammes of CO2-equivalent per person,2021,,7.557831,,A,Normal value,3,Thousands,,,,,2,Two,,
DATAFLOW,OECD.ENV.EPI:DSD_AIR_GHG@DF_AIR_GHG(1.0),Air emissions - Greenhouse gas emissions Inventories,I,AZE,Azerbaijan,A,Annual,GHG,Greenhouse gases,_T,Total emissions excluding LULUCF,KG_CO2E_PS,Kilogrammes of CO2-equivalent per person,2021,,7.010887,,A,Normal value,3,Thousands,,,,,2,Two,,
DATAFLOW,OECD.ENV.EPI:DSD_AIR_GHG@DF_AIR_GHG(1.0),Air emissions - Greenhouse gas emissions Inventories,I,BLR,Belarus,A,Annual,GHG,Greenhouse gases,_T,Total emissions excluding LULUCF,KG_CO2E_PS,Kilogrammes of CO2-equivalent per person,2021,,9.960464,,A,Normal value,3,Thousands,,,,,2,Two,,
DATAFLOW,OECD.ENV.EPI:DSD_AIR_GHG@DF_AIR_GHG(1.0),Air emissions - Greenhouse gas emissions Inventories,I,BTN,Bhutan,A,Annual,GHG,Greenhouse gases,_T,Total emissions excluding LULUCF,KG_CO2E_PS,Kilogrammes of CO2-equivalent per person,2021,,1.905872,,A,Normal value,3,Thousands,,,,,2,Two,,
DATAFLOW,OECD.ENV.EPI:DSD_AIR_GHG@DF_AIR_GHG(1.0),Air emissions - Greenhouse gas emissions Inventories,I,BRA,Brazil,A,Annual,GHG,Greenhouse gases,_T,Total emissions excluding LULUCF,KG_CO2E_PS,Kilogrammes of CO2-equivalent per person,2021,,5.888017,,A,Normal value,3,Thousands,,,,,2,Two,,
DATAFLOW,OECD.ENV.EPI:DSD_AIR_GHG@DF_AIR_GHG(1.0),Air emissions - Greenhouse gas emissions Inventories,I,BRN,Brunei Darussalam,A,Annual,GHG,Greenhouse gases,_T,Total emissions excluding LULUCF,KG_CO2E_PS,Kilogrammes of CO2-equivalent per person,2021,,33.40891,,A,Normal value,3,Thousands,,,,,2,Two,,
DATAFLOW,OECD.ENV.EPI:DSD_AIR_GHG@DF_AIR_GHG(1.0),Air emissions - Greenhouse gas emissions Inventories,I,BGR,Bulgaria,A,Annual,GHG,Greenhouse gases,_T,Total emissions excluding LULUCF,KG_CO2E_PS,Kilogrammes of CO2-equivalent per person,2021,,7.856872,,A,Normal value,3,Thousands,,,,,2,Two,,
DATAFLOW,OECD.ENV.EPI:DSD_AIR_GHG@DF_AIR_GHG(1.0),Air emissions - Greenhouse gas emissions Inventories,I,CHN,China (People’s Republic of),A,Annual,GHG,Greenhouse gases,_T,Total emissions excluding LULUCF,KG_CO2E_PS,Kilogrammes of CO2-equivalent per person,2021,,10.03497,,A,Normal value,3,Thousands,,,,,2,Two,,
DATAFLOW,OECD.ENV.EPI:DSD_AIR_GHG@DF_AIR_GHG(1.0),Air emissions - Greenhouse gas emissions Inventories,I,CIV,Côte d’Ivoire,A,Annual,GHG,Greenhouse gases,_T,Total emissions excluding LULUCF,KG_CO2E_PS,Kilogrammes of CO2-equivalent per person,2021,,2.909439,,A,Normal value,3,Thousands,,,,,2,Two,,
DATAFLOW,OECD.ENV.EPI:DSD_AIR_GHG@DF_AIR_GHG(1.0),Air emissions - Greenhouse gas emissions Inventories,I,HRV,Croatia,A,Annual,GHG,Greenhouse gases,_T,Total emissions excluding LULUCF,KG_CO2E_PS,Kilogrammes of CO2-equivalent per person,2021,,6.224454,,A,Normal value,3,Thousands,,,,,2,Two,,
DATAFLOW,OECD.ENV.EPI:DSD_AIR_GHG@DF_AIR_GHG(1.0),Air emissions - Greenhouse gas emissions Inventories,I,CUB,Cuba,A,Annual,GHG,Greenhouse gases,_T,Total emissions excluding LULUCF,KG_CO2E_PS,Kilogrammes of CO2-equivalent per person,2021,,4.437665,,A,Normal value,3,Thousands,,,,,2,Two,,
DATAFLOW,OECD.ENV.EPI:DSD_AIR_GHG@DF_AIR_GHG(1.0),Air emissions - Greenhouse gas emissions Inventories,I,CYP,Cyprus,A,Annual,GHG,Greenhouse gases,_T,Total emissions excluding LULUCF,KG_CO2E_PS,Kilogrammes of CO2-equivalent per person,2021,,6.207363,,A,Normal value,3,Thousands,,,,,2,Two,,
DATAFLOW,OECD.ENV.EPI:DSD_AIR_GHG@DF_AIR_GHG(1.0),Air emissions - Greenhouse gas emissions Inventories,I,EGY,Egypt,A,Annual,GHG,Greenhouse gases,_T,Total emissions excluding LULUCF,KG_CO2E_PS,Kilogrammes of CO2-equivalent per person,2021,,3.278952,,A,Normal value,3,Thousands,,,,,2,Two,,
DATAFLOW,OECD.ENV.EPI:DSD_AIR_GHG@DF_AIR_GHG(1.0),Air emissions - Greenhouse gas emissions Inventories,I,GEO,Georgia,A,Annual,GHG,Greenhouse gases,_T,Total emissions excluding LULUCF,KG_CO2E_PS,Kilogrammes of CO2-equivalent per person,2021,,4.943908,,A,Normal value,3,Thousands,,,,,2,Two,,
DATAFLOW,OECD.ENV.EPI:DSD_AIR_GHG@DF_AIR_GHG(1.0),Air emissions - Greenhouse gas emissions Inventories,I,GHA,Ghana,A,Annual,GHG,Greenhouse gases,_T,Total emissions excluding LULUCF,KG_CO2E_PS,Kilogrammes of CO2-equivalent per person,2021,,1.443062,,A,Normal value,3,Thousands,,,,,2,Two,,
DATAFLOW,OECD.ENV.EPI:DSD_AIR_GHG@DF_AIR_GHG(1.0),Air emissions - Greenhouse gas emissions Inventories,I,GTM,Guatemala,A,Annual,GHG,Greenhouse gases,_T,Total emissions excluding LULUCF,KG_CO2E_PS,Kilogrammes of CO2-equivalent per person,2021,,1.93884,,A,Normal value,3,Thousands,,,,,2,Two,,
DATAFLOW,OECD.ENV.EPI:DSD_AIR_GHG@DF_AIR_GHG(1.0),Air emissions - Greenhouse gas emissions Inventories,I,GNB,Guinea-Bissau,A,Annual,GHG,Greenhouse gases,_T,Total emissions excluding LULUCF,KG_CO2E_PS,Kilogrammes of CO2-equivalent per person,2021,,0.753656,,A,Normal value,3,Thousands,,,,,2,Two,,
DATAFLOW,OECD.ENV.EPI:DSD_AIR_GHG@DF_AIR_GHG(1.0),Air emissions - Greenhouse gas emissions Inventories,I,GUY,Guyana,A,Annual,GHG,Greenhouse gases,_T,Total emissions excluding LULUCF,KG_CO2E_PS,Kilogrammes of CO2-equivalent per person,2021,,7.857966,,A,Normal value,3,Thousands,,,,,2,Two,,
DATAFLOW,OECD.ENV.EPI:DSD_AIR_GHG@DF_AIR_GHG(1.0),Air emissions - Greenhouse gas emissions Inventories,I,VAT,Holy See,A,Annual,GHG,Greenhouse gases,_T,Total emissions excluding LULUCF,KG_CO2E_PS,Kilogrammes of CO2-equivalent per person,2021,,29.63985,,A,Normal value,3,Thousands,,,,,2,Two,,
DATAFLOW,OECD.ENV.EPI:DSD_AIR_GHG@DF_AIR_GHG(1.0),Air emissions - Greenhouse gas emissions Inventories,I,IDN,Indonesia,A,Annual,GHG,Greenhouse gases,_T,Total emissions excluding LULUCF,KG_CO2E_PS,Kilogrammes of CO2-equivalent per person,2021,,3.461016,,A,Normal value,3,Thousands,,,,,2,Two,,
DATAFLOW,OECD.ENV.EPI:DSD_AIR_GHG@DF_AIR_GHG(1.0),Air emissions - Greenhouse gas emissions Inventories,I,KAZ,Kazakhstan,A,Annual,GHG,Greenhouse gases,_T,Total emissions excluding LULUCF,KG_CO2E_PS,Kilogrammes of CO2-equivalent per person,2021,,16.20224,,A,Normal value,3,Thousands,,,,,2,Two,,
DATAFLOW,OECD.ENV.EPI:DSD_AIR_GHG@DF_AIR_GHG(1.0),Air emissions - Greenhouse gas emissions Inventories,I,KEN,Kenya,A,Annual,GHG,Greenhouse gases,_T,Total emissions excluding LULUCF,KG_CO2E_PS,Kilogrammes of CO2-equivalent per person,2021,,1.300705,,A,Normal value,3,Thousands,,,,,2,Two,,
DATAFLOW,OECD.ENV.EPI:DSD_AIR_GHG@DF_AIR_GHG(1.0),Air emissions - Greenhouse gas emissions Inventories,I,LBN,Lebanon,A,Annual,GHG,Greenhouse gases,_T,Total emissions excluding LULUCF,KG_CO2E_PS,Kilogrammes of CO2-equivalent per person,2021,,3.716709,,A,Normal value,3,Thousands,,,,,2,Two,,
DATAFLOW,OECD.ENV.EPI:DSD_AIR_GHG@DF_AIR_GHG(1.0),Air emissions - Greenhouse gas emissions Inventories,I,LIE,Liechtenstein,A,Annual,GHG,Greenhouse gases,_T,Total emissions excluding LULUCF,KG_CO2E_PS,Kilogrammes of CO2-equivalent per person,2021,,4.678162,,A,Normal value,3,Thousands,,,,,2,Two,,
DATAFLOW,OECD.ENV.EPI:DSD_AIR_GHG@DF_AIR_GHG(1.0),Air emissions - Greenhouse gas emissions Inventories,I,MYS,Malaysia,A,Annual,GHG,Greenhouse gases,_T,Total emissions excluding LULUCF,KG_CO2E_PS,Kilogrammes of CO2-equivalent per person,2021,,9.595771,,A,Normal value,3,Thousands,,,,,2,Two,,
DATAFLOW,OECD.ENV.EPI:DSD_AIR_GHG@DF_AIR_GHG(1.0),Air emissions - Greenhouse gas emissions Inventories,I,MDV,Maldives,A,Annual,GHG,Greenhouse gases,_T,Total emissions excluding LULUCF,KG_CO2E_PS,Kilogrammes of CO2-equivalent per person,2021,,4.390248,,A,Normal value,3,Thousands,,,,,2,Two,,
DATAFLOW,OECD.ENV.EPI:DSD_AIR_GHG@DF_AIR_GHG(1.0),Air emissions - Greenhouse gas emissions Inventories,I,MLT,Malta,A,Annual,GHG,Greenhouse gases,_T,Total emissions excluding LULUCF,KG_CO2E_PS,Kilogrammes of CO2-equivalent per person,2021,,4.005686,,A,Normal value,3,Thousands,,,,,2,Two,,
DATAFLOW,OECD.ENV.EPI:DSD_AIR_GHG@DF_AIR_GHG(1.0),Air emissions - Greenhouse gas emissions Inventories,I,MUS,Mauritius,A,Annual,GHG,Greenhouse gases,_T,Total emissions excluding LULUCF,KG_CO2E_PS,Kilogrammes of CO2-equivalent per person,2021,,4.510886,,A,Normal value,3,Thousands,,,,,2,Two,,
DATAFLOW,OECD.ENV.EPI:DSD_AIR_GHG@DF_AIR_GHG(1.0),Air emissions - Greenhouse gas emissions Inventories,I,MDA,Moldova,A,Annual,GHG,Greenhouse gases,_T,Total emissions excluding LULUCF,KG_CO2E_PS,Kilogrammes of CO2-equivalent per person,2021,,4.831095,,A,Normal value,3,Thousands,,,,,2,Two,,
DATAFLOW,OECD.ENV.EPI:DSD_AIR_GHG@DF_AIR_GHG(1.0),Air emissions - Greenhouse gas emissions Inventories,I,MCO,Monaco,A,Annual,GHG,Greenhouse gases,_T,Total emissions excluding LULUCF,KG_CO2E_PS,Kilogrammes of CO2-equivalent per person,2021,,1.892956,,A,Normal value,3,Thousands,,,,,2,Two,,
DATAFLOW,OECD.ENV.EPI:DSD_AIR_GHG@DF_AIR_GHG(1.0),Air emissions - Greenhouse gas emissions Inventories,I,MAR,Morocco,A,Annual,GHG,Greenhouse gases,_T,Total emissions excluding LULUCF,KG_CO2E_PS,Kilogrammes of CO2-equivalent per person,2021,,2.734579,,A,Normal value,3,Thousands,,,,,2,Two,,
DATAFLOW,OECD.ENV.EPI:DSD_AIR_GHG@DF_AIR_GHG(1.0),Air emissions - Greenhouse gas emissions Inventories,I,NAM,Namibia,A,Annual,GHG,Greenhouse gases,_T,Total emissions excluding LULUCF,KG_CO2E_PS,Kilogrammes of CO2-equivalent per person,2021,,3.76657,,A,Normal value,3,Thousands,,,,,2,Two,,
DATAFLOW,OECD.ENV.EPI:DSD_AIR_GHG@DF_AIR_GHG(1.0),Air emissions - Greenhouse gas emissions Inventories,I,NPL,Nepal,A,Annual,GHG,Greenhouse gases,_T,Total emissions excluding LULUCF,KG_CO2E_PS,Kilogrammes of CO2-equivalent per person,2021,,1.944893,,A,Normal value,3,Thousands,,,,,2,Two,,
DATAFLOW,OECD.ENV.EPI:DSD_AIR_GHG@DF_AIR_GHG(1.0),Air emissions - Greenhouse gas emissions Inventories,I,NGA,Nigeria,A,Annual,GHG,Greenhouse gases,_T,Total emissions excluding LULUCF,KG_CO2E_PS,Kilogrammes of CO2-equivalent per person,2021,,1.471587,,A,Normal value,3,Thousands,,,,,2,Two,,
DATAFLOW,OECD.ENV.EPI:DSD_AIR_GHG@DF_AIR_GHG(1.0),Air emissions - Greenhouse gas emissions Inventories,I,PAN,Panama,A,Annual,GHG,Greenhouse gases,_T,Total emissions excluding LULUCF,KG_CO2E_PS,Kilogrammes of CO2-equivalent per person,2021,,4.722124,,A,Normal value,3,Thousands,,,,,2,Two,,
DATAFLOW,OECD.ENV.EPI:DSD_AIR_GHG@DF_AIR_GHG(1.0),Air emissions - Greenhouse gas emissions Inventories,I,ROU,Romania,A,Annual,GHG,Greenhouse gases,_T,Total emissions excluding LULUCF,KG_CO2E_PS,Kilogrammes of CO2-equivalent per person,2021,,5.994079,,A,Normal value,3,Thousands,,,,,2,Two,,
DATAFLOW,OECD.ENV.EPI:DSD_AIR_GHG@DF_AIR_GHG(1.0),Air emissions - Greenhouse gas emissions Inventories,I,RUS,Russia,A,Annual,GHG,Greenhouse gases,_T,Total emissions excluding LULUCF,KG_CO2E_PS,Kilogrammes of CO2-equivalent per person,2021,,13.91481,,A,Normal value,3,Thousands,,,,,2,Two,,
DATAFLOW,OECD.ENV.EPI:DSD_AIR_GHG@DF_AIR_GHG(1.0),Air emissions - Greenhouse gas emissions Inventories,I,SAU,Saudi Arabia,A,Annual,GHG,Greenhouse gases,_T,Total emissions excluding LULUCF,KG_CO2E_PS,Kilogrammes of CO2-equivalent per person,2021,,22.85849,,A,Normal value,3,Thousands,,,,,2,Two,,
DATAFLOW,OECD.ENV.EPI:DSD_AIR_GHG@DF_AIR_GHG(1.0),Air emissions - Greenhouse gas emissions Inventories,I,SRB,Serbia,A,Annual,GHG,Greenhouse gases,_T,Total emissions excluding LULUCF,KG_CO2E_PS,Kilogrammes of CO2-equivalent per person,2021,,9.060741,,A,Normal value,3,Thousands,,,,,2,Two,,
DATAFLOW,OECD.ENV.EPI:DSD_AIR_GHG@DF_AIR_GHG(1.0),Air emissions - Greenhouse gas emissions Inventories,I,ZAF,South Africa,A,Annual,GHG,Greenhouse gases,_T,Total emissions excluding LULUCF,KG_CO2E_PS,Kilogrammes of CO2-equivalent per person,2021,,7.89189,,A,Normal value,3,Thousands,,,,,2,Two,,
DATAFLOW,OECD.ENV.EPI:DSD_AIR_GHG@DF_AIR_GHG(1.0),Air emissions - Greenhouse gas emissions Inventories,I,THA,Thailand,A,Annual,GHG,Greenhouse gases,_T,Total emissions excluding LULUCF,KG_CO2E_PS,Kilogrammes of CO2-equivalent per person,2021,,5.099677,,A,Normal value,3,Thousands,,,,,2,Two,,
DATAFLOW,OECD.ENV.EPI:DSD_AIR_GHG@DF_AIR_GHG(1.0),Air emissions - Greenhouse gas emissions Inventories,I,UKR,Ukraine,A,Annual,GHG,Greenhouse gases,_T,Total emissions excluding LULUCF,KG_CO2E_PS,Kilogrammes of CO2-equivalent per person,2021,,7.529293,,A,Normal value,3,Thousands,,,,,2,Two,,
DATAFLOW,OECD.ENV.EPI:DSD_AIR_GHG@DF_AIR_GHG(1.0),Air emissions - Greenhouse gas emissions Inventories,I,URY,Uruguay,A,Annual,GHG,Greenhouse gases,_T,Total emissions excluding LULUCF,KG_CO2E_PS,Kilogrammes of CO2-equivalent per person,2021,,11.52196,,A,Normal value,3,Thousands,,,,,2,Two,,
DATAFLOW,OECD.ENV.EPI:DSD_AIR_GHG@DF_AIR_GHG(1.0),Air emissions - Greenhouse gas emissions Inventories,I,UZB,Uzbekistan,A,Annual,GHG,Greenhouse gases,_T,Total emissions excluding LULUCF,KG_CO2E_PS,Kilogrammes of CO2-equivalent per person,2021,,6.196108,,A,Normal value,3,Thousands,,,,,2,Two,,
DATAFLOW,OECD.ENV.EPI:DSD_AIR_GHG@DF_AIR_GHG(1.0),Air emissions - Greenhouse gas emissions Inventories,I,VEN,Venezuela,A,Annual,GHG,Greenhouse gases,_T,Total emissions excluding LULUCF,KG_CO2E_PS,Kilogrammes of CO2-equivalent per person,2021,,7.581178,,A,Normal value,3,Thousands,,,,,2,Two,,
DATAFLOW,OECD.ENV.EPI:DSD_AIR_GHG@DF_AIR_GHG(1.0),Air emissions - Greenhouse gas emissions Inventories,I,AUS,Australia,A,Annual,GHG,Greenhouse gases,_T,Total emissions excluding LULUCF,KG_CO2E_PS,Kilogrammes of CO2-equivalent per person,2020,,20.91176,,A,Normal value,3,Thousands,,,,,2,Two,,
DATAFLOW,OECD.ENV.EPI:DSD_AIR_GHG@DF_AIR_GHG(1.0),Air emissions - Greenhouse gas emissions Inventories,I,AUT,Austria,A,Annual,GHG,Greenhouse gases,_T,Total emissions excluding LULUCF,KG_CO2E_PS,Kilogrammes of CO2-equivalent per person,2020,,8.370743,,A,Normal value,3,Thousands,,,,,2,Two,,
DATAFLOW,OECD.ENV.EPI:DSD_AIR_GHG@DF_AIR_GHG(1.0),Air emissions - Greenhouse gas emissions Inventories,I,BEL,Belgium,A,Annual,GHG,Greenhouse gases,_T,Total emissions excluding LULUCF,KG_CO2E_PS,Kilogrammes of CO2-equivalent per person,2020,,9.26923,,A,Normal value,3,Thousands,,,,,2,Two,,
DATAFLOW,OECD.ENV.EPI:DSD_AIR_GHG@DF_AIR_GHG(1.0),Air emissions - Greenhouse gas emissions Inventories,I,CAN,Canada,A,Annual,GHG,Greenhouse gases,_T,Total emissions excluding LULUCF,KG_CO2E_PS,Kilogrammes of CO2-equivalent per person,2020,,17.87396,,A,Normal value,3,Thousands,,,,,2,Two,,
DATAFLOW,OECD.ENV.EPI:DSD_AIR_GHG@DF_AIR_GHG(1.0),Air emissions - Greenhouse gas emissions Inventories,I,CHL,Chile,A,Annual,GHG,Greenhouse gases,_T,Total emissions excluding LULUCF,KG_CO2E_PS,Kilogrammes of CO2-equivalent per person,2020,,5.354269,,A,Normal value,3,Thousands,,,,,2,Two,,
DATAFLOW,OECD.ENV.EPI:DSD_AIR_GHG@DF_AIR_GHG(1.0),Air emissions - Greenhouse gas emissions Inventories,I,COL,Colombia,A,Annual,GHG,Greenhouse gases,_T,Total emissions excluding LULUCF,KG_CO2E_PS,Kilogrammes of CO2-equivalent per person,2020,,3.479452,,A,Normal value,3,Thousands,,,,,2,Two,,
DATAFLOW,OECD.ENV.EPI:DSD_AIR_GHG@DF_AIR_GHG(1.0),Air emissions - Greenhouse gas emissions Inventories,I,CRI,Costa Rica,A,Annual,GHG,Greenhouse gases,_T,Total emissions excluding LULUCF,KG_CO2E_PS,Kilogrammes of CO2-equivalent per person,2020,,2.905457,,A,Normal value,3,Thousands,,,,,2,Two,,
DATAFLOW,OECD.ENV.EPI:DSD_AIR_GHG@DF_AIR_GHG(1.0),Air emissions - Greenhouse gas emissions Inventories,I,CZE,Czechia,A,Annual,GHG,Greenhouse gases,_T,Total emissions excluding LULUCF,KG_CO2E_PS,Kilogrammes of CO2-equivalent per person,2020,,10.56825,,A,Normal value,3,Thousands,,,,,2,Two,,
DATAFLOW,OECD.ENV.EPI:DSD_AIR_GHG@DF_AIR_GHG(1.0),Air emissions - Greenhouse gas emissions Inventories,I,DNK,Denmark,A,Annual,GHG,Greenhouse gases,_T,Total emissions excluding LULUCF,KG_CO2E_PS,Kilogrammes of CO2-equivalent per person,2020,,7.401293,,A,Normal value,3,Thousands,,,,,2,Two,,
DATAFLOW,OECD.ENV.EPI:DSD_AIR_GHG@DF_AIR_GHG(1.0),Air emissions - Greenhouse gas emissions Inventories,I,EST,Estonia,A,Annual,GHG,Greenhouse gases,_T,Total emissions excluding LULUCF,KG_CO2E_PS,Kilogrammes of CO2-equivalent per person,2020,,8.526422,,A,Normal value,3,Thousands,,,,,2,Two,,
DATAFLOW,OECD.ENV.EPI:DSD_AIR_GHG@DF_AIR_GHG(1.0),Air emissions - Greenhouse gas emissions Inventories,I,FIN,Finland,A,Annual,GHG,Greenhouse gases,_T,Total emissions excluding LULUCF,KG_CO2E_PS,Kilogrammes of CO2-equivalent per person,2020,,8.626773,,A,Normal value,3,Thousands,,,,,2,Two,,
DATAFLOW,OECD.ENV.EPI:DSD_AIR_GHG@DF_AIR_GHG(1.0),Air emissions - Greenhouse gas emissions Inventories,I,FRA,France,A,Annual,GHG,Greenhouse gases,_T,Total emissions excluding LULUCF,KG_CO2E_PS,Kilogrammes of CO2-equivalent per person,2020,,5.997182,,A,Normal value,3,Thousands,,,,,2,Two,,
DATAFLOW,OECD.ENV.EPI:DSD_AIR_GHG@DF_AIR_GHG(1.0),Air emissions - Greenhouse gas emissions Inventories,I,DEU,Germany,A,Annual,GHG,Greenhouse gases,_T,Total emissions excluding LULUCF,KG_CO2E_PS,Kilogrammes of CO2-equivalent per person,2020,,8.764853,,A,Normal value,3,Thousands,,,,,2,Two,,
DATAFLOW,OECD.ENV.EPI:DSD_AIR_GHG@DF_AIR_GHG(1.0),Air emissions - Greenhouse gas emissions Inventories,I,GRC,Greece,A,Annual,GHG,Greenhouse gases,_T,Total emissions excluding LULUCF,KG_CO2E_PS,Kilogrammes of CO2-equivalent per person,2020,,7.091454,,A,Normal value,3,Thousands,,,,,2,Two,,
DATAFLOW,OECD.ENV.EPI:DSD_AIR_GHG@DF_AIR_GHG(1.0),Air emissions - Greenhouse gas emissions Inventories,I,HUN,Hungary,A,Annual,GHG,Greenhouse gases,_T,Total emissions excluding LULUCF,KG_CO2E_PS,Kilogrammes of CO2-equivalent per person,2020,,6.455618,,A,Normal value,3,Thousands,,,,,2,Two,,
DATAFLOW,OECD.ENV.EPI:DSD_AIR_GHG@DF_AIR_GHG(1.0),Air emissions - Greenhouse gas emissions Inventories,I,ISL,Iceland,A,Annual,GHG,Greenhouse gases,_T,Total emissions excluding LULUCF,KG_CO2E_PS,Kilogrammes of CO2-equivalent per person,2020,,12.5612,,A,Normal value,3,Thousands,,,,,2,Two,,
DATAFLOW,OECD.ENV.EPI:DSD_AIR_GHG@DF_AIR_GHG(1.0),Air emissions - Greenhouse gas emissions Inventories,I,IRL,Ireland,A,Annual,GHG,Greenhouse gases,_T,Total emissions excluding LULUCF,KG_CO2E_PS,Kilogrammes of CO2-equivalent per person,2020,,11.56396,,A,Normal value,3,Thousands,,,,,2,Two,,
DATAFLOW,OECD.ENV.EPI:DSD_AIR_GHG@DF_AIR_GHG(1.0),Air emissions - Greenhouse gas emissions Inventories,I,ISR,Israel,A,Annual,GHG,Greenhouse gases,_T,Total emissions excluding LULUCF,KG_CO2E_PS,Kilogrammes of CO2-equivalent per person,2020,,9.082194,,A,Normal value,3,Thousands,,,,,2,Two,,
DATAFLOW,OECD.ENV.EPI:DSD_AIR_GHG@DF_AIR_GHG(1.0),Air emissions - Greenhouse gas emissions Inventories,I,ITA,Italy,A,Annual,GHG,Greenhouse gases,_T,Total emissions excluding LULUCF,KG_CO2E_PS,Kilogrammes of CO2-equivalent per person,2020,,6.327091,,A,Normal value,3,Thousands,,,,,2,Two,,
DATAFLOW,OECD.ENV.EPI:DSD_AIR_GHG@DF_AIR_GHG(1.0),Air emissions - Greenhouse gas emissions Inventories,I,JPN,Japan,A,Annual,GHG,Greenhouse gases,_T,Total emissions excluding LULUCF,KG_CO2E_PS,Kilogrammes of CO2-equivalent per person,2020,,8.894616,,A,Normal value,3,Thousands,,,,,2,Two,,
DATAFLOW,OECD.ENV.EPI:DSD_AIR_GHG@DF_AIR_GHG(1.0),Air emissions - Greenhouse gas emissions Inventories,I,KOR,Korea,A,Annual,GHG,Greenhouse gases,_T,Total emissions excluding LULUCF,KG_CO2E_PS,Kilogrammes of CO2-equivalent per person,2020,,13.74816,,A,Normal value,3,Thousands,,,,,2,Two,,
DATAFLOW,OECD.ENV.EPI:DSD_AIR_GHG@DF_AIR_GHG(1.0),Air emissions - Greenhouse gas emissions Inventories,I,LVA,Latvia,A,Annual,GHG,Greenhouse gases,_T,Total emissions excluding LULUCF,KG_CO2E_PS,Kilogrammes of CO2-equivalent per person,2020,,5.519989,,A,Normal value,3,Thousands,,,,,2,Two,,
DATAFLOW,OECD.ENV.EPI:DSD_AIR_GHG@DF_AIR_GHG(1.0),Air emissions - Greenhouse gas emissions Inventories,I,LTU,Lithuania,A,Annual,GHG,Greenhouse gases,_T,Total emissions excluding LULUCF,KG_CO2E_PS,Kilogrammes of CO2-equivalent per person,2020,,7.000509,,A,Normal value,3,Thousands,,,,,2,Two,,
DATAFLOW,OECD.ENV.EPI:DSD_AIR_GHG@DF_AIR_GHG(1.0),Air emissions - Greenhouse gas emissions Inventories,I,LUX,Luxembourg,A,Annual,GHG,Greenhouse gases,_T,Total emissions excluding LULUCF,KG_CO2E_PS,Kilogrammes of CO2-equivalent per person,2020,,14.37257,,A,Normal value,3,Thousands,,,,,2,Two,,
DATAFLOW,OECD.ENV.EPI:DSD_AIR_GHG@DF_AIR_GHG(1.0),Air emissions - Greenhouse gas emissions Inventories,I,MEX,Mexico,A,Annual,GHG,Greenhouse gases,_T,Total emissions excluding LULUCF,KG_CO2E_PS,Kilogrammes of CO2-equivalent per person,2020,,5.67136,,A,Normal value,3,Thousands,,,,,2,Two,,
DATAFLOW,OECD.ENV.EPI:DSD_AIR_GHG@DF_AIR_GHG(1.0),Air emissions - Greenhouse gas emissions Inventories,I,NLD,Netherlands,A,Annual,GHG,Greenhouse gases,_T,Total emissions excluding LULUCF,KG_CO2E_PS,Kilogrammes of CO2-equivalent per person,2020,,9.330465,,A,Normal value,3,Thousands,,,,,2,Two,,
DATAFLOW,OECD.ENV.EPI:DSD_AIR_GHG@DF_AIR_GHG(1.0),Air emissions - Greenhouse gas emissions Inventories,I,NZL,New Zealand,A,Annual,GHG,Greenhouse gases,_T,Total emissions excluding LULUCF,KG_CO2E_PS,Kilogrammes of CO2-equivalent per person,2020,,16.05091,,A,Normal value,3,Thousands,,,,,2,Two,,
DATAFLOW,OECD.ENV.EPI:DSD_AIR_GHG@DF_AIR_GHG(1.0),Air emissions - Greenhouse gas emissions Inventories,I,NOR,Norway,A,Annual,GHG,Greenhouse gases,_T,Total emissions excluding LULUCF,KG_CO2E_PS,Kilogrammes of CO2-equivalent per person,2020,,9.178269,,A,Normal value,3,Thousands,,,,,2,Two,,
DATAFLOW,OECD.ENV.EPI:DSD_AIR_GHG@DF_AIR_GHG(1.0),Air emissions - Greenhouse gas emissions Inventories,I,POL,Poland,A,Annual,GHG,Greenhouse gases,_T,Total emissions excluding LULUCF,KG_CO2E_PS,Kilogrammes of CO2-equivalent per person,2020,,9.712359,,A,Normal value,3,Thousands,,,,,2,Two,,
DATAFLOW,OECD.ENV.EPI:DSD_AIR_GHG@DF_AIR_GHG(1.0),Air emissions - Greenhouse gas emissions Inventories,I,PRT,Portugal,A,Annual,GHG,Greenhouse gases,_T,Total emissions excluding LULUCF,KG_CO2E_PS,Kilogrammes of CO2-equivalent per person,2020,,5.530717,,A,Normal value,3,Thousands,,,,,2,Two,,
DATAFLOW,OECD.ENV.EPI:DSD_AIR_GHG@DF_AIR_GHG(1.0),Air emissions - Greenhouse gas emissions Inventories,I,SVK,Slovak Republic,A,Annual,GHG,Greenhouse gases,_T,Total emissions excluding LULUCF,KG_CO2E_PS,Kilogrammes of CO2-equivalent per person,2020,,6.766585,,A,Normal value,3,Thousands,,,,,2,Two,,
DATAFLOW,OECD.ENV.EPI:DSD_AIR_GHG@DF_AIR_GHG(1.0),Air emissions - Greenhouse gas emissions Inventories,I,SVN,Slovenia,A,Annual,GHG,Greenhouse gases,_T,Total emissions excluding LULUCF,KG_CO2E_PS,Kilogrammes of CO2-equivalent per person,2020,,7.564375,,A,Normal value,3,Thousands,,,,,2,Two,,
DATAFLOW,OECD.ENV.EPI:DSD_AIR_GHG@DF_AIR_GHG(1.0),Air emissions - Greenhouse gas emissions Inventories,I,ESP,Spain,A,Annual,GHG,Greenhouse gases,_T,Total emissions excluding LULUCF,KG_CO2E_PS,Kilogrammes of CO2-equivalent per person,2020,,5.658686,,A,Normal value,3,Thousands,,,,,2,Two,,
DATAFLOW,OECD.ENV.EPI:DSD_AIR_GHG@DF_AIR_GHG(1.0),Air emissions - Greenhouse gas emissions Inventories,I,SWE,Sweden,A,Annual,GHG,Greenhouse gases,_T,Total emissions excluding LULUCF,KG_CO2E_PS,Kilogrammes of CO2-equivalent per person,2020,,4.441116,,A,Normal value,3,Thousands,,,,,2,Two,,
DATAFLOW,OECD.ENV.EPI:DSD_AIR_GHG@DF_AIR_GHG(1.0),Air emissions - Greenhouse gas emissions Inventories,I,CHE,Switzerland,A,Annual,GHG,Greenhouse gases,_T,Total emissions excluding LULUCF,KG_CO2E_PS,Kilogrammes of CO2-equivalent per person,2020,,5.096887,,A,Normal value,3,Thousands,,,,,2,Two,,
DATAFLOW,OECD.ENV.EPI:DSD_AIR_GHG@DF_AIR_GHG(1.0),Air emissions - Greenhouse gas emissions Inventories,I,TUR,Türkiye,A,Annual,GHG,Greenhouse gases,_T,Total emissions excluding LULUCF,KG_CO2E_PS,Kilogrammes of CO2-equivalent per person,2020,,6.181012,,A,Normal value,3,Thousands,,,,,2,Two,,
DATAFLOW,OECD.ENV.EPI:DSD_AIR_GHG@DF_AIR_GHG(1.0),Air emissions - Greenhouse gas emissions Inventories,I,GBR,United Kingdom,A,Annual,GHG,Greenhouse gases,_T,Total emissions excluding LULUCF,KG_CO2E_PS,Kilogrammes of CO2-equivalent per person,2020,,6.077576,,A,Normal value,3,Thousands,,,,,2,Two,,
DATAFLOW,OECD.ENV.EPI:DSD_AIR_GHG@DF_AIR_GHG(1.0),Air emissions - Greenhouse gas emissions Inventories,I,USA,United States,A,Annual,GHG,Greenhouse gases,_T,Total emissions excluding LULUCF,KG_CO2E_PS,Kilogrammes of CO2-equivalent per person,2020,,17.6817,,A,Normal value,3,Thousands,,,,,2,Two,,
DATAFLOW,OECD.ENV.EPI:DSD_AIR_GHG@DF_AIR_GHG(1.0),Air emissions - Greenhouse gas emissions Inventories,I,EU27_2020,European Union (27 countries from 01/02/2020),A,Annual,GHG,Greenhouse gases,_T,Total emissions excluding LULUCF,KG_CO2E_PS,Kilogrammes of CO2-equivalent per person,2020,,7.354,,A,Normal value,3,Thousands,,,,,2,Two,,
DATAFLOW,OECD.ENV.EPI:DSD_AIR_GHG@DF_AIR_GHG(1.0),Air emissions - Greenhouse gas emissions Inventories,I,DZA,Algeria,A,Annual,GHG,Greenhouse gases,_T,Total emissions excluding LULUCF,KG_CO2E_PS,Kilogrammes of CO2-equivalent per person,2020,,5.04874,,A,Normal value,3,Thousands,,,,,2,Two,,
DATAFLOW,OECD.ENV.EPI:DSD_AIR_GHG@DF_AIR_GHG(1.0),Air emissions - Greenhouse gas emissions Inventories,I,ARG,Argentina,A,Annual,GHG,Greenhouse gases,_T,Total emissions excluding LULUCF,KG_CO2E_PS,Kilogrammes of CO2-equivalent per person,2020,,7.061831,,A,Normal value,3,Thousands,,,,,2,Two,,
DATAFLOW,OECD.ENV.EPI:DSD_AIR_GHG@DF_AIR_GHG(1.0),Air emissions - Greenhouse gas emissions Inventories,I,AZE,Azerbaijan,A,Annual,GHG,Greenhouse gases,_T,Total emissions excluding LULUCF,KG_CO2E_PS,Kilogrammes of CO2-equivalent per person,2020,,6.580966,,A,Normal value,3,Thousands,,,,,2,Two,,
DATAFLOW,OECD.ENV.EPI:DSD_AIR_GHG@DF_AIR_GHG(1.0),Air emissions - Greenhouse gas emissions Inventories,I,BLR,Belarus,A,Annual,GHG,Greenhouse gases,_T,Total emissions excluding LULUCF,KG_CO2E_PS,Kilogrammes of CO2-equivalent per person,2020,,9.635014,,A,Normal value,3,Thousands,,,,,2,Two,,
DATAFLOW,OECD.ENV.EPI:DSD_AIR_GHG@DF_AIR_GHG(1.0),Air emissions - Greenhouse gas emissions Inventories,I,BTN,Bhutan,A,Annual,GHG,Greenhouse gases,_T,Total emissions excluding LULUCF,KG_CO2E_PS,Kilogrammes of CO2-equivalent per person,2020,,1.910724,,A,Normal value,3,Thousands,,,,,2,Two,,
DATAFLOW,OECD.ENV.EPI:DSD_AIR_GHG@DF_AIR_GHG(1.0),Air emissions - Greenhouse gas emissions Inventories,I,BRA,Brazil,A,Annual,GHG,Greenhouse gases,_T,Total emissions excluding LULUCF,KG_CO2E_PS,Kilogrammes of CO2-equivalent per person,2020,,5.557711,,A,Normal value,3,Thousands,,,,,2,Two,,
DATAFLOW,OECD.ENV.EPI:DSD_AIR_GHG@DF_AIR_GHG(1.0),Air emissions - Greenhouse gas emissions Inventories,I,BRN,Brunei Darussalam,A,Annual,GHG,Greenhouse gases,_T,Total emissions excluding LULUCF,KG_CO2E_PS,Kilogrammes of CO2-equivalent per person,2020,,33.77179,,A,Normal value,3,Thousands,,,,,2,Two,,
DATAFLOW,OECD.ENV.EPI:DSD_AIR_GHG@DF_AIR_GHG(1.0),Air emissions - Greenhouse gas emissions Inventories,I,BGR,Bulgaria,A,Annual,GHG,Greenhouse gases,_T,Total emissions excluding LULUCF,KG_CO2E_PS,Kilogrammes of CO2-equivalent per person,2020,,6.911945,,A,Normal value,3,Thousands,,,,,2,Two,,
DATAFLOW,OECD.ENV.EPI:DSD_AIR_GHG@DF_AIR_GHG(1.0),Air emissions - Greenhouse gas emissions Inventories,I,CHN,China (People’s Republic of),A,Annual,GHG,Greenhouse gases,_T,Total emissions excluding LULUCF,KG_CO2E_PS,Kilogrammes of CO2-equivalent per person,2020,,9.652851,,A,Normal value,3,Thousands,,,,,2,Two,,
DATAFLOW,OECD.ENV.EPI:DSD_AIR_GHG@DF_AIR_GHG(1.0),Air emissions - Greenhouse gas emissions Inventories,I,CIV,Côte d’Ivoire,A,Annual,GHG,Greenhouse gases,_T,Total emissions excluding LULUCF,KG_CO2E_PS,Kilogrammes of CO2-equivalent per person,2020,,1.659335,,A,Normal value,3,Thousands,,,,,2,Two,,
DATAFLOW,OECD.ENV.EPI:DSD_AIR_GHG@DF_AIR_GHG(1.0),Air emissions - Greenhouse gas emissions Inventories,I,HRV,Croatia,A,Annual,GHG,Greenhouse gases,_T,Total emissions excluding LULUCF,KG_CO2E_PS,Kilogrammes of CO2-equivalent per person,2020,,6.044096,,A,Normal value,3,Thousands,,,,,2,Two,,
DATAFLOW,OECD.ENV.EPI:DSD_AIR_GHG@DF_AIR_GHG(1.0),Air emissions - Greenhouse gas emissions Inventories,I,CUB,Cuba,A,Annual,GHG,Greenhouse gases,_T,Total emissions excluding LULUCF,KG_CO2E_PS,Kilogrammes of CO2-equivalent per person,2020,,4.470159,,A,Normal value,3,Thousands,,,,,2,Two,,
DATAFLOW,OECD.ENV.EPI:DSD_AIR_GHG@DF_AIR_GHG(1.0),Air emissions - Greenhouse gas emissions Inventories,I,CYP,Cyprus,A,Annual,GHG,Greenhouse gases,_T,Total emissions excluding LULUCF,KG_CO2E_PS,Kilogrammes of CO2-equivalent per person,2020,,6.190146,,A,Normal value,3,Thousands,,,,,2,Two,,
DATAFLOW,OECD.ENV.EPI:DSD_AIR_GHG@DF_AIR_GHG(1.0),Air emissions - Greenhouse gas emissions Inventories,I,EGY,Egypt,A,Annual,GHG,Greenhouse gases,_T,Total emissions excluding LULUCF,KG_CO2E_PS,Kilogrammes of CO2-equivalent per person,2020,,3.088697,,A,Normal value,3,Thousands,,,,,2,Two,,
DATAFLOW,OECD.ENV.EPI:DSD_AIR_GHG@DF_AIR_GHG(1.0),Air emissions - Greenhouse gas emissions Inventories,I,GEO,Georgia,A,Annual,GHG,Greenhouse gases,_T,Total emissions excluding LULUCF,KG_CO2E_PS,Kilogrammes of CO2-equivalent per person,2020,,4.820012,,A,Normal value,3,Thousands,,,,,2,Two,,
DATAFLOW,OECD.ENV.EPI:DSD_AIR_GHG@DF_AIR_GHG(1.0),Air emissions - Greenhouse gas emissions Inventories,I,GHA,Ghana,A,Annual,GHG,Greenhouse gases,_T,Total emissions excluding LULUCF,KG_CO2E_PS,Kilogrammes of CO2-equivalent per person,2020,,1.468394,,A,Normal value,3,Thousands,,,,,2,Two,,
DATAFLOW,OECD.ENV.EPI:DSD_AIR_GHG@DF_AIR_GHG(1.0),Air emissions - Greenhouse gas emissions Inventories,I,GTM,Guatemala,A,Annual,GHG,Greenhouse gases,_T,Total emissions excluding LULUCF,KG_CO2E_PS,Kilogrammes of CO2-equivalent per person,2020,,1.778021,,A,Normal value,3,Thousands,,,,,2,Two,,
DATAFLOW,OECD.ENV.EPI:DSD_AIR_GHG@DF_AIR_GHG(1.0),Air emissions - Greenhouse gas emissions Inventories,I,GNB,Guinea-Bissau,A,Annual,GHG,Greenhouse gases,_T,Total emissions excluding LULUCF,KG_CO2E_PS,Kilogrammes of CO2-equivalent per person,2020,,0.7595775,,A,Normal value,3,Thousands,,,,,2,Two,,
DATAFLOW,OECD.ENV.EPI:DSD_AIR_GHG@DF_AIR_GHG(1.0),Air emissions - Greenhouse gas emissions Inventories,I,GUY,Guyana,A,Annual,GHG,Greenhouse gases,_T,Total emissions excluding LULUCF,KG_CO2E_PS,Kilogrammes of CO2-equivalent per person,2020,,9.162369,,A,Normal value,3,Thousands,,,,,2,Two,,
DATAFLOW,OECD.ENV.EPI:DSD_AIR_GHG@DF_AIR_GHG(1.0),Air emissions - Greenhouse gas emissions Inventories,I,VAT,Holy See,A,Annual,GHG,Greenhouse gases,_T,Total emissions excluding LULUCF,KG_CO2E_PS,Kilogrammes of CO2-equivalent per person,2020,,30.21183,,A,Normal value,3,Thousands,,,,,2,Two,,
DATAFLOW,OECD.ENV.EPI:DSD_AIR_GHG@DF_AIR_GHG(1.0),Air emissions - Greenhouse gas emissions Inventories,I,IDN,Indonesia,A,Annual,GHG,Greenhouse gases,_T,Total emissions excluding LULUCF,KG_CO2E_PS,Kilogrammes of CO2-equivalent per person,2020,,3.339661,,A,Normal value,3,Thousands,,,,,2,Two,,
DATAFLOW,OECD.ENV.EPI:DSD_AIR_GHG@DF_AIR_GHG(1.0),Air emissions - Greenhouse gas emissions Inventories,I,KAZ,Kazakhstan,A,Annual,GHG,Greenhouse gases,_T,Total emissions excluding LULUCF,KG_CO2E_PS,Kilogrammes of CO2-equivalent per person,2020,,18.43434,,A,Normal value,3,Thousands,,,,,2,Two,,
DATAFLOW,OECD.ENV.EPI:DSD_AIR_GHG@DF_AIR_GHG(1.0),Air emissions - Greenhouse gas emissions Inventories,I,KEN,Kenya,A,Annual,GHG,Greenhouse gases,_T,Total emissions excluding LULUCF,KG_CO2E_PS,Kilogrammes of CO2-equivalent per person,2020,,1.295409,,A,Normal value,3,Thousands,,,,,2,Two,,
DATAFLOW,OECD.ENV.EPI:DSD_AIR_GHG@DF_AIR_GHG(1.0),Air emissions - Greenhouse gas emissions Inventories,I,LBN,Lebanon,A,Annual,GHG,Greenhouse gases,_T,Total emissions excluding LULUCF,KG_CO2E_PS,Kilogrammes of CO2-equivalent per person,2020,,4.437867,,A,Normal value,3,Thousands,,,,,2,Two,,
DATAFLOW,OECD.ENV.EPI:DSD_AIR_GHG@DF_AIR_GHG(1.0),Air emissions - Greenhouse gas emissions Inventories,I,LIE,Liechtenstein,A,Annual,GHG,Greenhouse gases,_T,Total emissions excluding LULUCF,KG_CO2E_PS,Kilogrammes of CO2-equivalent per person,2020,,4.631047,,A,Normal value,3,Thousands,,,,,2,Two,,
DATAFLOW,OECD.ENV.EPI:DSD_AIR_GHG@DF_AIR_GHG(1.0),Air emissions - Greenhouse gas emissions Inventories,I,MYS,Malaysia,A,Annual,GHG,Greenhouse gases,_T,Total emissions excluding LULUCF,KG_CO2E_PS,Kilogrammes of CO2-equivalent per person,2020,,9.816118,,A,Normal value,3,Thousands,,,,,2,Two,,
DATAFLOW,OECD.ENV.EPI:DSD_AIR_GHG@DF_AIR_GHG(1.0),Air emissions - Greenhouse gas emissions Inventories,I,MDV,Maldives,A,Annual,GHG,Greenhouse gases,_T,Total emissions excluding LULUCF,KG_CO2E_PS,Kilogrammes of CO2-equivalent per person,2020,,3.009546,,A,Normal value,3,Thousands,,,,,2,Two,,
DATAFLOW,OECD.ENV.EPI:DSD_AIR_GHG@DF_AIR_GHG(1.0),Air emissions - Greenhouse gas emissions Inventories,I,MLT,Malta,A,Annual,GHG,Greenhouse gases,_T,Total emissions excluding LULUCF,KG_CO2E_PS,Kilogrammes of CO2-equivalent per person,2020,,4.025918,,A,Normal value,3,Thousands,,,,,2,Two,,
DATAFLOW,OECD.ENV.EPI:DSD_AIR_GHG@DF_AIR_GHG(1.0),Air emissions - Greenhouse gas emissions Inventories,I,MUS,Mauritius,A,Annual,GHG,Greenhouse gases,_T,Total emissions excluding LULUCF,KG_CO2E_PS,Kilogrammes of CO2-equivalent per person,2020,,4.344573,,A,Normal value,3,Thousands,,,,,2,Two,,
DATAFLOW,OECD.ENV.EPI:DSD_AIR_GHG@DF_AIR_GHG(1.0),Air emissions - Greenhouse gas emissions Inventories,I,MDA,Moldova,A,Annual,GHG,Greenhouse gases,_T,Total emissions excluding LULUCF,KG_CO2E_PS,Kilogrammes of CO2-equivalent per person,2020,,4.363438,,A,Normal value,3,Thousands,,,,,2,Two,,
DATAFLOW,OECD.ENV.EPI:DSD_AIR_GHG@DF_AIR_GHG(1.0),Air emissions - Greenhouse gas emissions Inventories,I,MCO,Monaco,A,Annual,GHG,Greenhouse gases,_T,Total emissions excluding LULUCF,KG_CO2E_PS,Kilogrammes of CO2-equivalent per person,2020,,1.804676,,A,Normal value,3,Thousands,,,,,2,Two,,
DATAFLOW,OECD.ENV.EPI:DSD_AIR_GHG@DF_AIR_GHG(1.0),Air emissions - Greenhouse gas emissions Inventories,I,MAR,Morocco,A,Annual,GHG,Greenhouse gases,_T,Total emissions excluding LULUCF,KG_CO2E_PS,Kilogrammes of CO2-equivalent per person,2020,,2.56891,,A,Normal value,3,Thousands,,,,,2,Two,,
DATAFLOW,OECD.ENV.EPI:DSD_AIR_GHG@DF_AIR_GHG(1.0),Air emissions - Greenhouse gas emissions Inventories,I,NAM,Namibia,A,Annual,GHG,Greenhouse gases,_T,Total emissions excluding LULUCF,KG_CO2E_PS,Kilogrammes of CO2-equivalent per person,2020,,3.381342,,A,Normal value,3,Thousands,,,,,2,Two,,
DATAFLOW,OECD.ENV.EPI:DSD_AIR_GHG@DF_AIR_GHG(1.0),Air emissions - Greenhouse gas emissions Inventories,I,NPL,Nepal,A,Annual,GHG,Greenhouse gases,_T,Total emissions excluding LULUCF,KG_CO2E_PS,Kilogrammes of CO2-equivalent per person,2020,,1.803851,,A,Normal value,3,Thousands,,,,,2,Two,,
DATAFLOW,OECD.ENV.EPI:DSD_AIR_GHG@DF_AIR_GHG(1.0),Air emissions - Greenhouse gas emissions Inventories,I,NGA,Nigeria,A,Annual,GHG,Greenhouse gases,_T,Total emissions excluding LULUCF,KG_CO2E_PS,Kilogrammes of CO2-equivalent per person,2020,,1.452109,,A,Normal value,3,Thousands,,,,,2,Two,,
DATAFLOW,OECD.ENV.EPI:DSD_AIR_GHG@DF_AIR_GHG(1.0),Air emissions - Greenhouse gas emissions Inventories,I,PAN,Panama,A,Annual,GHG,Greenhouse gases,_T,Total emissions excluding LULUCF,KG_CO2E_PS,Kilogrammes of CO2-equivalent per person,2020,,4.221086,,A,Normal value,3,Thousands,,,,,2,Two,,
DATAFLOW,OECD.ENV.EPI:DSD_AIR_GHG@DF_AIR_GHG(1.0),Air emissions - Greenhouse gas emissions Inventories,I,ROU,Romania,A,Annual,GHG,Greenhouse gases,_T,Total emissions excluding LULUCF,KG_CO2E_PS,Kilogrammes of CO2-equivalent per person,2020,,5.750749,,A,Normal value,3,Thousands,,,,,2,Two,,
DATAFLOW,OECD.ENV.EPI:DSD_AIR_GHG@DF_AIR_GHG(1.0),Air emissions - Greenhouse gas emissions Inventories,I,RUS,Russia,A,Annual,GHG,Greenhouse gases,_T,Total emissions excluding LULUCF,KG_CO2E_PS,Kilogrammes of CO2-equivalent per person,2020,,13.49968,,A,Normal value,3,Thousands,,,,,2,Two,,
DATAFLOW,OECD.ENV.EPI:DSD_AIR_GHG@DF_AIR_GHG(1.0),Air emissions - Greenhouse gas emissions Inventories,I,SAU,Saudi Arabia,A,Annual,GHG,Greenhouse gases,_T,Total emissions excluding LULUCF,KG_CO2E_PS,Kilogrammes of CO2-equivalent per person,2020,,22.25867,,A,Normal value,3,Thousands,,,,,2,Two,,
DATAFLOW,OECD.ENV.EPI:DSD_AIR_GHG@DF_AIR_GHG(1.0),Air emissions - Greenhouse gas emissions Inventories,I,SRB,Serbia,A,Annual,GHG,Greenhouse gases,_T,Total emissions excluding LULUCF,KG_CO2E_PS,Kilogrammes of CO2-equivalent per person,2020,,9.235191,,A,Normal value,3,Thousands,,,,,2,Two,,
DATAFLOW,OECD.ENV.EPI:DSD_AIR_GHG@DF_AIR_GHG(1.0),Air emissions - Greenhouse gas emissions Inventories,I,ZAF,South Africa,A,Annual,GHG,Greenhouse gases,_T,Total emissions excluding LULUCF,KG_CO2E_PS,Kilogrammes of CO2-equivalent per person,2020,,7.756462,,A,Normal value,3,Thousands,,,,,2,Two,,
DATAFLOW,OECD.ENV.EPI:DSD_AIR_GHG@DF_AIR_GHG(1.0),Air emissions - Greenhouse gas emissions Inventories,I,THA,Thailand,A,Annual,GHG,Greenhouse gases,_T,Total emissions excluding LULUCF,KG_CO2E_PS,Kilogrammes of CO2-equivalent per person,2020,,5.205036,,A,Normal value,3,Thousands,,,,,2,Two,,
DATAFLOW,OECD.ENV.EPI:DSD_AIR_GHG@DF_AIR_GHG(1.0),Air emissions - Greenhouse gas emissions Inventories,I,UKR,Ukraine,A,Annual,GHG,Greenhouse gases,_T,Total emissions excluding LULUCF,KG_CO2E_PS,Kilogrammes of CO2-equivalent per person,2020,,7.278898,,A,Normal value,3,Thousands,,,,,2,Two,,
DATAFLOW,OECD.ENV.EPI:DSD_AIR_GHG@DF_AIR_GHG(1.0),Air emissions - Greenhouse gas emissions Inventories,I,URY,Uruguay,A,Annual,GHG,Greenhouse gases,_T,Total emissions excluding LULUCF,KG_CO2E_PS,Kilogrammes of CO2-equivalent per person,2020,,10.70697,,A,Normal value,3,Thousands,,,,,2,Two,,
DATAFLOW,OECD.ENV.EPI:DSD_AIR_GHG@DF_AIR_GHG(1.0),Air emissions - Greenhouse gas emissions Inventories,I,UZB,Uzbekistan,A,Annual,GHG,Greenhouse gases,_T,Total emissions excluding LULUCF,KG_CO2E_PS,Kilogrammes of CO2-equivalent per person,2020,,5.595903,,A,Normal value,3,Thousands,,,,,2,Two,,
DATAFLOW,OECD.ENV.EPI:DSD_AIR_GHG@DF_AIR_GHG(1.0),Air emissions - Greenhouse gas emissions Inventories,I,VEN,Venezuela,A,Annual,GHG,Greenhouse gases,_T,Total emissions excluding LULUCF,KG_CO2E_PS,Kilogrammes of CO2-equivalent per person,2020,,7.609905,,A,Normal value,3,Thousands,,,,,2,Two,,
